"codigo","idrubro","idmarca","idsubrubro"
"1","1","0","0"
"5","1","0","0"
"3000","58","0","0"
"3001","58","0","0"
"3002","58","0","0"
"3003","58","0","0"
"22","12","0","0"
"23","12","0","0"
"24","12","0","0"
"25","200","0","0"
"26","12","0","0"
"3250","36","0","0"
"315","11","0","0"
"318","12","0","0"
"381","33","0","0"
"382","4","0","0"
"383","14","0","0"
"384","14","0","0"
"385","14","0","0"
"386","3","0","0"
"387","12","0","0"
"414","321","0","0"
"421","1","0","0"
"422","5","0","0"
"423","117","0","0"
"424","9","0","0"
"425","14","0","0"
"426","12","0","0"
"427","41","0","0"
"428","40","0","0"
"429","12","0","0"
"430","12","0","0"
"431","302","0","0"
"436","14","0","0"
"437","32","0","0"
"438","2","0","0"
"439","58","0","0"
"440","15","0","0"
"441","27","0","0"
"442","58","0","0"
"443","63","0","0"
"447","19","0","0"
"448","87","0","0"
"449","87","0","0"
"450","87","0","0"
"451","302","0","0"
"452","19","0","0"
"453","19","0","0"
"454","41","0","0"
"455","19","0","0"
"456","19","0","0"
"457","19","0","0"
"458","200","0","0"
"459","21","0","0"
"460","21","0","0"
"461","21","0","0"
"462","24","0","0"
"463","21","0","0"
"464","40","0","0"
"465","17","0","0"
"466","24","0","0"
"467","302","0","0"
"468","24","0","0"
"469","25","0","0"
"470","25","0","0"
"471","25","0","0"
"473","25","0","0"
"474","12","0","0"
"475","11","0","0"
"476","27","0","0"
"477","12","0","0"
"478","12","0","0"
"480","12","0","0"
"481","25","0","0"
"482","40","0","0"
"483","25","0","0"
"484","12","0","0"
"485","15","0","0"
"486","12","0","0"
"487","12","0","0"
"488","302","0","0"
"489","15","0","0"
"490","36","0","0"
"491","11","0","0"
"492","12","0","0"
"493","12","0","0"
"494","22","0","0"
"495","22","0","0"
"496","36","0","0"
"497","22","0","0"
"498","22","0","0"
"499","22","0","0"
"500","22","0","0"
"501","22","0","0"
"502","22","0","0"
"503","22","0","0"
"504","23","0","0"
"505","23","0","0"
"506","23","0","0"
"507","23","0","0"
"508","23","0","0"
"509","23","0","0"
"510","23","0","0"
"511","23","0","0"
"512","23","0","0"
"513","23","0","0"
"514","23","0","0"
"515","23","0","0"
"516","23","0","0"
"517","23","0","0"
"518","23","0","0"
"519","23","0","0"
"520","23","0","0"
"521","18","0","0"
"522","12","0","0"
"523","18","0","0"
"524","7","0","0"
"525","7","0","0"
"526","11","0","0"
"528","321","0","0"
"529","321","0","0"
"530","321","0","0"
"531","321","0","0"
"532","321","0","0"
"533","321","0","0"
"534","321","0","0"
"535","321","0","0"
"536","321","0","0"
"537","321","0","0"
"538","117","0","0"
"539","321","0","0"
"564","11","0","0"
"565","12","0","0"
"568","11","0","0"
"577","28","0","0"
"579","46","0","0"
"580","31","0","0"
"581","46","0","0"
"582","46","0","0"
"666","26","0","0"
"667","9","0","0"
"668","11","0","0"
"669","117","0","0"
"670","14","0","0"
"671","16","0","0"
"672","28","0","0"
"673","27","0","0"
"674","63","0","0"
"675","38","0","0"
"676","28","0","0"
"677","12","0","0"
"678","12","0","0"
"679","12","0","0"
"680","16","0","0"
"681","40","0","0"
"684","13","0","0"
"698","14","0","0"
"699","11","0","0"
"700","6","0","0"
"701","3","0","0"
"702","14","0","0"
"703","14","0","0"
"704","25","0","0"
"705","11","0","0"
"851","16","0","0"
"852","19","0","0"
"927","50","0","0"
"1037","8","0","0"
"1038","16","0","0"
"1039","26","0","0"
"1040","15","0","0"
"1041","16","0","0"
"1265","12","0","0"
"1266","16","0","0"
"1267","11","0","0"
"1268","16","0","0"
"1269","6","0","0"
"1375","321","0","0"
"1384","12","0","0"
"1385","6","0","0"
"1386","32","0","0"
"1387","9","0","0"
"1388","27","0","0"
"1389","36","0","0"
"1390","12","0","0"
"1468","12","0","0"
"1476","12","0","0"
"1487","14","0","0"
"1488","14","0","0"
"1489","14","0","0"
"1490","18","0","0"
"1491","14","0","0"
"1492","6","0","0"
"1497","12","0","0"
"1498","14","0","0"
"1499","53","0","0"
"1500","12","0","0"
"1501","12","0","0"
"1502","53","0","0"
"1503","200","0","0"
"1504","14","0","0"
"1505","14","0","0"
"1507","3","0","0"
"1508","2","0","0"
"1509","6","0","0"
"1510","58","0","0"
"1511","302","0","0"
"1512","15","0","0"
"1513","6","0","0"
"1514","6","0","0"
"1515","12","0","0"
"1516","12","0","0"
"1517","12","0","0"
"1518","12","0","0"
"1519","14","0","0"
"1521","53","0","0"
"1522","37","0","0"
"1523","12","0","0"
"1524","302","0","0"
"1534","53","0","0"
"1535","11","0","0"
"1538","12","0","0"
"1539","41","0","0"
"1540","50","0","0"
"1541","302","0","0"
"1542","12","0","0"
"1543","12","0","0"
"1544","16","0","0"
"1604","12","0","0"
"1605","32","0","0"
"1608","27","0","0"
"1609","40","0","0"
"1610","15","0","0"
"1611","50","0","0"
"1612","18","0","0"
"1613","29","0","0"
"1614","14","0","0"
"1616","6","0","0"
"1618","37","0","0"
"1620","12","0","0"
"1634","30","0","0"
"1635","30","0","0"
"1636","30","0","0"
"1637","30","0","0"
"1638","30","0","0"
"1639","30","0","0"
"1640","30","0","0"
"1641","30","0","0"
"1642","30","0","0"
"1643","30","0","0"
"1644","30","0","0"
"1645","30","0","0"
"1646","30","0","0"
"1647","30","0","0"
"1648","30","0","0"
"1649","30","0","0"
"1650","30","0","0"
"1651","30","0","0"
"1652","30","0","0"
"1653","30","0","0"
"1654","30","0","0"
"1655","30","0","0"
"1656","30","0","0"
"1657","30","0","0"
"1658","30","0","0"
"1659","30","0","0"
"1660","30","0","0"
"1661","302","0","0"
"1662","13","0","0"
"1663","13","0","0"
"1664","61","0","0"
"1665","26","0","0"
"1666","30","0","0"
"1667","13","0","0"
"1668","14","0","0"
"1669","13","0","0"
"1670","3","0","0"
"1784","11","0","0"
"1785","60","0","0"
"1786","73","0","0"
"1787","20","0","0"
"1788","20","0","0"
"1789","20","0","0"
"1790","60","0","0"
"1791","12","0","0"
"1792","60","0","0"
"1793","40","0","0"
"1794","60","0","0"
"1795","60","0","0"
"1796","60","0","0"
"1797","14","0","0"
"1798","16","0","0"
"1799","8","0","0"
"1800","17","0","0"
"1801","8","0","0"
"1802","41","0","0"
"1803","11","0","0"
"1804","20","0","0"
"1805","8","0","0"
"1806","12","0","0"
"1807","20","0","0"
"1808","20","0","0"
"1878","73","0","0"
"1879","6","0","0"
"1880","6","0","0"
"1881","6","0","0"
"1882","29","0","0"
"1883","13","0","0"
"1884","40","0","0"
"1885","73","0","0"
"1886","7","0","0"
"1887","85","0","0"
"1888","12","0","0"
"1889","302","0","0"
"1890","40","0","0"
"1891","12","0","0"
"2167","73","0","0"
"2174","9","0","0"
"F6","201","0","0"
"F8","201","0","0"
"F10","201","0","0"
"F12","12","0","0"
"F15","201","0","0"
"F20","201","0","0"
"F30","201","0","0"
"2193","33","0","0"
"2194","3","0","0"
"2195","3","0","0"
"2196","11","0","0"
"2197","14","0","0"
"2198","29","0","0"
"2199","14","0","0"
"2200","12","0","0"
"2201","12","0","0"
"2204","6","0","0"
"2206","18","0","0"
"2207","33","0","0"
"2241","3","0","0"
"2242","3","0","0"
"2289","50","0","0"
"2243","28","0","0"
"2244","22","0","0"
"2245","222","0","0"
"2246","28","0","0"
"2247","52","0","0"
"2248","87","0","0"
"2249","19","0","0"
"2250","3","0","0"
"2251","3","0","0"
"2252","3","0","0"
"2253","3","0","0"
"2254","3","0","0"
"2255","3","0","0"
"2256","37","0","0"
"2257","222","0","0"
"2258","14","0","0"
"2259","28","0","0"
"2290","16","0","0"
"2310","12","0","0"
"2397","302","0","0"
"2398","37","0","0"
"F4","355","0","0"
"F5","201","0","0"
"2405","12","0","0"
"2406","302","0","0"
"2477","321","0","0"
"2478","321","0","0"
"2479","321","0","0"
"2480","321","0","0"
"2502","36","0","0"
"2541","9","0","0"
"2542","8","0","0"
"2543","19","0","0"
"2544","19","0","0"
"2545","19","0","0"
"2560","12","0","0"
"2559","220","0","0"
"2558","302","0","0"
"2562","4","0","0"
"2636","5","0","0"
"2714","30","0","0"
"2731","2","0","0"
"2732","12","0","0"
"2733","25","0","0"
"2736","31","0","0"
"2738","12","0","0"
"2741","12","0","0"
"2742","31","0","0"
"2743","15","0","0"
"2744","12","0","0"
"2745","12","0","0"
"2746","31","0","0"
"2748","73","0","0"
"2750","28","0","0"
"2754","5","0","0"
"2879","220","0","0"
"2921","32","0","0"
"2922","40","0","0"
"2923","3","0","0"
"2924","3","0","0"
"2925","9","0","0"
"2926","79","0","0"
"2927","117","0","0"
"2928","3","0","0"
"2929","3","0","0"
"2930","18","0","0"
"2931","41","0","0"
"2932","4","0","0"
"2933","3","0","0"
"2934","3","0","0"
"2935","3","0","0"
"2936","41","0","0"
"2937","1","0","0"
"2938","50","0","0"
"2939","19","0","0"
"2734","12","0","0"
"1607","27","0","0"
"2012","25","0","0"
"2100","12","0","0"
"2018","18","0","0"
"2019","18","0","0"
"2020","12","0","0"
"2021","12","0","0"
"2050","4","0","0"
"2051","4","0","0"
"2052","4","0","0"
"2053","11","0","0"
"2080","14","0","0"
"2081","302","0","0"
"2061","40","0","0"
"2062","11","0","0"
"2063","14","0","0"
"2064","12","0","0"
"2065","41","0","0"
"2066","12","0","0"
"2149","302","0","0"
"4002","26","0","0"
"4003","26","0","0"
"2142","1","0","0"
"2057","27","0","0"
"2210","8","0","0"
"2211","302","0","0"
"2212","8","0","0"
"2213","41","0","0"
"2214","88","0","0"
"2215","8","0","0"
"2216","27","0","0"
"2073","12","0","0"
"2085","7","0","0"
"2086","58","0","0"
"2075","9","0","0"
"2074","117","0","0"
"6125","88","0","0"
"2077","12","0","0"
"2079","12","0","0"
"2800","14","0","0"
"2801","19","0","0"
"2802","46","0","0"
"2803","20","0","0"
"2804","14","0","0"
"2805","14","0","0"
"009","18","0","0"
"6001","15","0","0"
"6010","15","0","0"
"6025","15","0","0"
"6005","15","0","0"
"3004","24","0","0"
"3012","3","0","0"
"3013","73","0","0"
"3014","11","0","0"
"3015","22","0","0"
"3017","87","0","0"
"3016","12","0","0"
"3018","37","0","0"
"3019","200","0","0"
"3021","117","0","0"
"3022","9","0","0"
"3023","9","0","0"
"3024","17","0","0"
"3025","12","0","0"
"3026","12","0","0"
"3027","12","0","0"
"3028","222","0","0"
"3029","222","0","0"
"3030","37","0","0"
"2087","12","0","0"
"2999","26","0","0"
"7001","12","0","0"
"7002","19","0","0"
"7003","2","0","0"
"7004","9","0","0"
"7005","12","0","0"
"7006","9","0","0"
"7007","8","0","0"
"7008","9","0","0"
"7009","18","0","0"
"7101","20","0","0"
"7102","200","0","0"
"7103","40","0","0"
"7104","200","0","0"
"7105","200","0","0"
"7106","200","0","0"
"7107","200","0","0"
"7108","200","0","0"
"7109","15","0","0"
"7110","26","0","0"
"8001","27","0","0"
"9001","15","0","0"
"9002","200","0","0"
"9003","9","0","0"
"9004","302","0","0"
"9005","12","0","0"
"9006","12","0","0"
"9007","20","0","0"
"9008","18","0","0"
"9009","12","0","0"
"9010","11","0","0"
"9011","24","0","0"
"9012","203","0","0"
"9013","20","0","0"
"9014","9","0","0"
"9015","15","0","0"
"9016","40","0","0"
"9017","2","0","0"
"9018","19","0","0"
"9019","50","0","0"
"9020","12","0","0"
"9021","26","0","0"
"9022","36","0","0"
"9023","32","0","0"
"9024","79","0","0"
"9025","12","0","0"
"9026","24","0","0"
"9027","50","0","0"
"9028","50","0","0"
"9029","22","0","0"
"9030","33","0","0"
"9031","37","0","0"
"9032","25","0","0"
"9033","302","0","0"
"9034","15","0","0"
"9035","302","0","0"
"9036","19","0","0"
"9037","302","0","0"
"9038","11","0","0"
"9039","0","0","0"
"9040","3","0","0"
"9041","302","0","0"
"9042","302","0","0"
"9043","302","0","0"
"9044","302","0","0"
"9045","302","0","0"
"9046","11","0","0"
"9047","11","0","0"
"9048","20","0","0"
"9049","8","0","0"
"9050","20","0","0"
"9051","3","0","0"
"9052","87","0","0"
"9053","20","0","0"
"9054","58","0","0"
"9055","37","0","0"
"9056","2","0","0"
"9057","12","0","0"
"9058","12","0","0"
"9059","7","0","0"
"9060","302","0","0"
"9061","3","0","0"
"9062","88","0","0"
"9063","33","0","0"
"9064","14","0","0"
"9065","12","0","0"
"8002","9","0","0"
"8003","3","0","0"
"8004","9","0","0"
"8005","11","0","0"
"8006","9","0","0"
"8007","9","0","0"
"8008","6","0","0"
"8009","40","0","0"
"8010","11","0","0"
"8011","40","0","0"
"8012","12","0","0"
"8013","22","0","0"
"8014","27","0","0"
"8015","9","0","0"
"8016","31","0","0"
"8017","7","0","0"
"8018","32","0","0"
"8019","302","0","0"
"8020","88","0","0"
"8021","12","0","0"
"8022","9","0","0"
"8023","33","0","0"
"8102","11","0","0"
"8103","14","0","0"
"8104","87","0","0"
"8110","12","0","0"
"8111","13","0","0"
"8112","31","0","0"
"8201","12","0","0"
"8202","15","0","0"
"8203","12","0","0"
"8204","12","0","0"
"8101","37","0","0"
"9000","11","0","0"
"7111","200","0","0"
"9066","27","0","0"
"433","12","0","0"
"8117","12","0","0"
"9067","8","0","0"
"9068","73","0","0"
"7112","14","0","0"
"7050","5","0","0"
"7051","19","0","0"
"2143","33","0","0"
"21","73","0","0"
"7113","200","0","0"
"7011","201","0","0"
"3008","22","0","0"
"1900","60","0","0"
"1901","60","0","0"
"2400","321","0","0"
"2399","14","0","0"
"2401","321","0","0"
"3007","22","0","0"
"3035","321","0","0"
"6126","73","0","0"
"4004","26","0","0"
"7114","200","0","0"
"7115","19","0","0"
"7012","12","0","0"
"7116","40","0","0"
"2101","2","0","0"
"2102","12","0","0"
"008","52","0","0"
"001","50","0","0"
"7013","22","0","0"
"2445","50","0","0"
"2446","12","0","0"
"2033","15","0","0"
"2447","73","0","0"
"1619","6","0","0"
"2032","14","0","0"
"4005","200","0","0"
"4008","24","0","0"
"02","1","0","0"
"3251","22","0","0"
"3252","22","0","0"
"434","15","0","0"
"8116","203","0","0"
"551","24","0","0"
"552","24","0","0"
"007","1","0","0"
"1558","14","0","0"
"1559","41","0","0"
"1560","14","0","0"
"1561","14","0","0"
"1562","14","0","0"
"1563","15","0","0"
"1564","14","0","0"
"1565","14","0","0"
"1566","14","0","0"
"1567","14","0","0"
"1568","14","0","0"
"1569","12","0","0"
"2076","8","0","0"
"2060","12","0","0"
"2170","33","0","0"
"2171","28","0","0"
"2172","302","0","0"
"2217","12","0","0"
"2088","7","0","0"
"002","73","0","0"
"5001","73","0","0"
"5002","37","0","0"
"5003","11","0","0"
"5004","12","0","0"
"5005","12","0","0"
"5006","15","0","0"
"5007","14","0","0"
"5008","117","0","0"
"5009","41","0","0"
"5010","40","0","0"
"5015","11","0","0"
"5016","11","0","0"
"5019","1","0","0"
"5020","22","0","0"
"5023","12","0","0"
"5024","302","0","0"
"5028","11","0","0"
"5029","37","0","0"
"5032","14","0","0"
"5033","18","0","0"
"5035","40","0","0"
"5034","12","0","0"
"5040","302","0","0"
"5041","88","0","0"
"5044","15","0","0"
"5045","11","0","0"
"5048","24","0","0"
"5050","11","0","0"
"5051","33","0","0"
"5052","302","0","0"
"5031","12","0","0"
"5055","11","0","0"
"5056","15","0","0"
"5069","11","0","0"
"5060","40","0","0"
"5063","29","0","0"
"5065","12","0","0"
"5066","12","0","0"
"5067","11","0","0"
"5070","11","0","0"
"5071","11","0","0"
"5072","11","0","0"
"5073","40","0","0"
"5074","12","0","0"
"5075","15","0","0"
"5078","12","0","0"
"5079","11","0","0"
"5080","12","0","0"
"5081","12","0","0"
"5082","12","0","0"
"5083","12","0","0"
"5086","87","0","0"
"5030","12","0","0"
"5026","32","0","0"
"5027","18","0","0"
"5088","14","0","0"
"5090","11","0","0"
"5091","12","0","0"
"5092","22","0","0"
"5093","12","0","0"
"5094","12","0","0"
"5095","2","0","0"
"5098","14","0","0"
"5100","12","0","0"
"5103","12","0","0"
"5106","88","0","0"
"5108","29","0","0"
"5110","88","0","0"
"5105","88","0","0"
"5120","7","0","0"
"5121","12","0","0"
"5122","12","0","0"
"5128","88","0","0"
"5130","31","0","0"
"5131","31","0","0"
"5132","52","0","0"
"006","1","0","0"
"2078","8","0","0"
"2173","9","0","0"
"2220","6","0","0"
"2221","6","0","0"
"2222","11","0","0"
"2223","6","0","0"
"2224","52","0","0"
"2225","9","0","0"
"2226","14","0","0"
"2227","18","0","0"
"2228","12","0","0"
"2229","302","0","0"
"2230","73","0","0"
"2103","2","0","0"
"2104","2","0","0"
"2105","302","0","0"
"2106","302","0","0"
"2107","15","0","0"
"2108","12","0","0"
"1570","14","0","0"
"1571","14","0","0"
"1572","14","0","0"
"1573","14","0","0"
"1574","14","0","0"
"1575","14","0","0"
"1576","14","0","0"
"1577","14","0","0"
"1578","14","0","0"
"1579","14","0","0"
"1580","14","0","0"
"1581","24","0","0"
"2880","73","0","0"
"2878","37","0","0"
"5107","31","0","0"
"5109","31","0","0"
"5111","31","0","0"
"5112","31","0","0"
"5113","31","0","0"
"5114","31","0","0"
"5115","31","0","0"
"5116","31","0","0"
"1042","16","0","0"
"1043","302","0","0"
"2503","36","0","0"
"5076","14","0","0"
"2000","15","0","0"
"2001","17","0","0"
"2002","33","0","0"
"F100","50","0","0"
"569","26","0","0"
"2338","9","0","0"
"316","12","0","0"
"9070","6","0","0"
"1111","40","0","0"
"4585","15","0","0"
"6079","6","0","0"
"2980","1","0","0"
"9632","12","0","0"
"2","1","0","0"
"2154","12","0","0"
"9801","88","0","0"
"1871","88","0","0"
"5000","220","0","0"
"7000","220","0","0"
"7080","220","0","0"
"7081","220","0","0"
"7082","220","0","0"
"7083","220","0","0"
"7084","220","0","0"
"6542","9","0","0"
"4325","355","0","0"
"3212","14","0","0"
"9542","33","0","0"
"1000","6","0","0"
"1001","6","0","0"
"100","0","0","0"
"1002","26","0","0"
"1003","20","0","0"
"32165","14","0","0"
"65412","0","0","0"
"9875","3","0","0"
"147852","0","0","0"
"9854","0","0","0"
"4125","13","0","0"
"4445","28","0","0"
"1981","1","0","0"
"8528","0","0","0"
"41411","0","0","0"
"7854","0","0","0"
"5258","0","0","0"
"01","0","0","0"
"5285","30","0","0"
"85258","30","0","0"
"3215468","30","0","0"
"58456","41","0","0"
"5286","30","0","0"
"3654","220","0","0"
"3665","220","0","0"
"3666","220","0","0"
"3668","220","0","0"
"3669","220","0","0"
"3670","220","0","0"
"65487","14","0","0"
"85497","0","0","0"
"3215","201","0","0"
"85478","36","0","0"
"78965","0","0","0"
"1005","0","0","0"
"1006","19","0","0"
"1007","0","0","0"
"1008","356","0","0"
"1009","356","0","0"
"1010","356","0","0"
"1011","0","0","0"
"1012","28","0","0"
"1013","28","0","0"
"1025","0","0","0"
"1020","0","0","0"
"1021","0","0","0"
"1022","0","0","0"
"1023","0","0","0"
"1015","0","0","0"
