codigo,idrubro,idmarca,idsubrubro
"C-10026 A RV",1,0,0
"C-10039ECO RV",1,0,0
"C-10194",1,0,0
"C-10308ECO RV",1,0,0
"C-10353 RV",1,0,0
"C-10448ECO RV",1,0,0
"C-10586ECO RV",1,0,0
"C-10635ECO RV",1,0,0
"C-10750ECO RV",1,0,0
"C-10777ECO RV",1,0,0
"C-10778ECO RV",1,0,0
"C-11045 RV",1,0,0
"C-11193ECO RV",1,0,0
"C-11507 RV",1,0,0
"C-11574 RV",1,0,0
"C-1166 PL RV",1,0,0
"C-11680 RV",1,0,0
"C-1173 PL RV",1,0,0
"C-1174 PL RV",1,0,0
"C-11748 RV",1,0,0
"C-1175 PL",1,0,0
"C-11816 PL",1,0,0
"C-11846 PL",1,0,0
"C-11860 PL",1,0,0
"C-11860 ZP RV",1,0,0
"C-11861 PL",1,0,0
"C-11861 ZP RV",1,0,0
"C-11864 ZP RV",1,0,0
"C-11909 PL",1,0,0
"C-1191",1,0,0
"C-1191 A F",1,0,0
"C-1192 A",1,0,0
"C-11950 PLA",1,0,0
"C-12360 RV",1,0,0
"C-12749 RV",1,0,0
"C-1660 A RV",1,0,0
"C-1669 RV",1,0,0
"C-1723 RV",1,0,0
"C-175 E RV",1,0,0
"C-31 PL",1,0,0
"C-3936 RV",1,0,0
"C-3954 RV",1,0,0
"C-4635 RV",1,0,0
"C-4661",1,0,0
"C-4834 RV",1,0,0
"C-4880 A",1,0,0
"C-4881 A",1,0,0
"C-4986 A",1,0,0
"C-11781 RV",1,0,0
"C-5563",1,0,0
"C-5783",1,0,0
"C-5932",1,0,0
"C-5940",1,0,0
"C-6990 RV",1,0,0
"C-7036 RV",1,0,0
"C-7060 RV",1,0,0
"C-7215 RV",1,0,0
"C-7523 RV",1,0,0
"C-7578 RV",1,0,0
"C-844 PLA",1,0,0
"C-8505 RV",1,0,0
"C-8820",1,0,0
"C-8826",1,0,0
"C-8826 RV",1,0,0
"C-8827",1,0,0
"C-8837",1,0,0
"C-8981ECO RV",1,0,0
"C-8990ECO RV",1,0,0
"C-9517 RV",1,0,0
"C-9712",1,0,0
"C-9766ECO RV",1,0,0
"C-9771 RV",1,0,0
"C-9815 RV",1,0,0
"C-9817",1,0,0
"C-9927",1,0,0
"C-9990",1,0,0
"C-11723 RV",1,0,0
"C-1721 RV",1,0,0
"C-11812ECO RV",1,0,0
"CG-8673 RV",1,0,0
"CG-8953",1,0,0
"CS-11971 RV",1,0,0
"CS-10145 RV",1,0,0
"CS-10965 RV",1,0,0
"CS-12054 RV",1,0,0
"CS-12162 RV",1,0,0
"CS-3504 RV",1,0,0
"CS-3558 RV",1,0,0
"CS-7715 RV",1,0,0
"CCS-1136 RV",1,0,0
"CA-10013 RV",1,0,0
"CA-10023",1,0,0
"CA-10029 RV",1,0,0
"CA-10030 RV",1,0,0
"CA-10031 RV",1,0,0
"CA-10050 RV",1,0,0
"CA-10051 RV",1,0,0
"CA-10057 RV",1,0,0
"CA-10083 RV",1,0,0
"CA-10084 RV",1,0,0
"CA-10085",1,0,0
"CA-10086 RV",1,0,0
"CA-10088 RV",1,0,0
"CA-10111",1,0,0
"CA-10112",1,0,0
"CA-10112 RV",1,0,0
"CA-10114 RV",1,0,0
"CA-10115 RV",1,0,0
"CA-10116 RV",1,0,0
"CA-10117 RV",1,0,0
"CA-10118 RV",1,0,0
"CA-10130",1,0,0
"CA-10131",1,0,0
"CA-10165 RV",1,0,0
"CA-10169 RV",1,0,0
"CA-10171 RV",1,0,0
"CA-10190 RV",1,0,0
"CA-10192 RV",1,0,0
"CA-10211 RV",1,0,0
"CA-10216 RV",1,0,0
"CA-10217 RV",1,0,0
"CA-10221",1,0,0
"CA-10227",1,0,0
"CA-10228 RV",1,0,0
"CA-10233 RV",1,0,0
"CA-10234 RV",1,0,0
"CA-10236 RV",1,0,0
"CA-10237",1,0,0
"CA-10239 RV",1,0,0
"CA-10249 RV",1,0,0
"CA-10253 RV",1,0,0
"CA-10256 RV",1,0,0
"CA-10261 RV",1,0,0
"CA-10273 RV",1,0,0
"CA-10276",1,0,0
"CA-10278",1,0,0
"CA-10290 RV",1,0,0
"CA-10293",1,0,0
"CA-10314",1,0,0
"CA-10320",1,0,0
"CA-10327 RV",1,0,0
"CA-10328 RV",1,0,0
"CA-10330",1,0,0
"CA-10332 RV",1,0,0
"CA-10344 RV",1,0,0
"CA-10348 RV",1,0,0
"CA-10354 RV",1,0,0
"CA-10355 RV",1,0,0
"CA-10356 RV",1,0,0
"CA-10416 RV",1,0,0
"CA-10418 RV",1,0,0
"CA-10456",1,0,0
"CA-10470 RV",1,0,0
"CA-10477",1,0,0
"CA-10485 RV",1,0,0
"CA-10497 RV",1,0,0
"CA-10500 RV",1,0,0
"CA-10509 RV",1,0,0
"CA-10516 RV",1,0,0
"CA-10518",1,0,0
"CA-10520 RV",1,0,0
"CA-10521",1,0,0
"CA-10521 RV",1,0,0
"CA-10522 RV",1,0,0
"CA-10524 RV",1,0,0
"CA-10539 RV",1,0,0
"CA-10650 RV",1,0,0
"CA-10651",1,0,0
"CA-10653",1,0,0
"CA-10662-2 RV",1,0,0
"CA-10675 RV",1,0,0
"CA-10676 RV",1,0,0
"CA-10677 RV",1,0,0
"CA-10683 RV",1,0,0
"CA-10693 RV",1,0,0
"CA-10696",1,0,0
"CA-10697",1,0,0
"CA-10699 RV",1,0,0
"CA-10700 RV",1,0,0
"CA-10739 RV",1,0,0
"CA-10748 SY",1,0,0
"CA-10749",1,0,0
"CA-10749 SY",1,0,0
"CA-10755 RV",1,0,0
"CA-10760 RV",1,0,0
"CA-10767 RV",1,0,0
"CA-10822 RV",1,0,0
"CA-10878 RV",1,0,0
"CA-10879",1,0,0
"CA-10880 RV",1,0,0
"CA-10888 RV",1,0,0
"CA-10889 RV",1,0,0
"CA-10894",1,0,0
"CA-10894 SY RV",1,0,0
"CA-10910 RV",1,0,0
"CA-10947",1,0,0
"CA-10994 RV",1,0,0
"CA-10997",1,0,0
"CA-11048 RV",1,0,0
"CA-11070 RV",1,0,0
"CA-11071 RV",1,0,0
"CA-11072",1,0,0
"CA-11073",1,0,0
"CA-11077",1,0,0
"CA-11096",1,0,0
"CA-11104",1,0,0
"CA-11109",1,0,0
"CA-11112",1,0,0
"CA-11113 RV",1,0,0
"CA-11123",1,0,0
"CA-11124 RV",1,0,0
"CA-11124 SY RV",1,0,0
"CA-11144 RV",1,0,0
"CA-11188 RV",1,0,0
"CA-11198 RV",1,0,0
"CA-11201 RV",1,0,0
"CA-11206 RV",1,0,0
"CA-11210 RV",1,0,0
"CA-11222",1,0,0
"CA-11250",1,0,0
"CA-11258 RV",1,0,0
"CA-11263 RV",1,0,0
"CA-11305 RV",1,0,0
"CA-11345 RV",1,0,0
"CA-11411 RV",1,0,0
"CA-11416 RV",1,0,0
"CA-11417 RV",1,0,0
"CA-11426 RV",1,0,0
"CA-11458",1,0,0
"CA-11493",1,0,0
"CA-11499 RV",1,0,0
"CA-11500 RV",1,0,0
"CA-11501 RV",1,0,0
"CA-11503 RV",1,0,0
"CA-11504 RV",1,0,0
"CA-11652",1,0,0
"CA-11654",1,0,0
"CA-11674",1,0,0
"CA-11674 RV",1,0,0
"CA-11759 RV",1,0,0
"CA-11863 RV",1,0,0
"CA-11864",1,0,0
"CA-11874 RV",1,0,0
"CA-11949 RV",1,0,0
"CA-11952 RV",1,0,0
"CA-11974",1,0,0
"CA-11974 SY",1,0,0
"CA-12003 RV",1,0,0
"CA-12004",1,0,0
"CA-12006",1,0,0
"CA-12017 RV",1,0,0
"CA-12021 RV",1,0,0
"CA-12034 RV",1,0,0
"CA-12050 RV",1,0,0
"CA-12051 RV",1,0,0
"CA-12052 RV",1,0,0
"CA-12055",1,0,0
"CA-12066",1,0,0
"CA-12097 RV",1,0,0
"CA-12104",1,0,0
"CA-12112 RV",1,0,0
"CA-12172 RV",1,0,0
"CA-12173 RV",1,0,0
"CA-12174 RV",1,0,0
"CA-12180 RV",1,0,0
"CA-12242 RV",1,0,0
"CA-12243 RV",1,0,0
"CA-12289 RV",1,0,0
"CA-12315 RV",1,0,0
"CA-12342 RV",1,0,0
"CA-12344 RV",1,0,0
"CA-12363 RV",1,0,0
"CA-12376 RV",1,0,0
"CA-12430 RV",1,0,0
"CA-12561",1,0,0
"CA-1532 SY RV",1,0,0
"CA-1532 SY RV ES",1,0,0
"CA-1533 RV",1,0,0
"CA-1533 SY RV",1,0,0
"CA-1534 SY RV",1,0,0
"CA-1544 SY RV",1,0,0
"CA-1548 RV",1,0,0
"CA-1548 SY RV",1,0,0
"CA-1553 RV",1,0,0
"CA-1553 SY RV",1,0,0
"CA-1566 EE",1,0,0
"CA-1569 RV",1,0,0
"CA-1570 RV",1,0,0
"CA-1570 SY RV",1,0,0
"CA-1572 SY RV",1,0,0
"CA-1574 RV",1,0,0
"CA-1596 A SY RV",1,0,0
"CA-1596 RV",1,0,0
"CA-160 RV",1,0,0
"CA-192 RV",1,0,0
"CA-216 RV",1,0,0
"CA-219 RV",1,0,0
"CA-224 RV",1,0,0
"CA-226 RV",1,0,0
"CA-226 SY RV",1,0,0
"CA-233 RV",1,0,0
"CA-236 RV",1,0,0
"CA-237 RV",1,0,0
"CA-2517 RV",1,0,0
"CA-2517 SY RV",1,0,0
"CA-2521 SY RV",1,0,0
"CA-253 SY RV",1,0,0
"CA-2555 RV",1,0,0
"CA-2557 SY RV",1,0,0
"CA-258 SY RV",1,0,0
"CA-2590 RV",1,0,0
"CA-2647 PL",1,0,0
"CA-2653 RV",1,0,0
"CA-2718 EE",1,0,0
"CA-273 RV",1,0,0
"CA-2740 RV",1,0,0
"CA-283 A",1,0,0
"CA-283 B PU",1,0,0
"CA-284 RV",1,0,0
"CA-284 SY RV",1,0,0
"CA-287 RV",1,0,0
"CA-287 SY RV",1,0,0
"CA-3105",1,0,0
"CA-3105 SY",1,0,0
"CA-3107",1,0,0
"CA-3115",1,0,0
"CA-3154 EE",1,0,0
"CA-3164 EE",1,0,0
"CA-3167 EE",1,0,0
"CA-3174 B RV",1,0,0
"CA-324 A RV",1,0,0
"CA-3273 RV",1,0,0
"CA-3280",1,0,0
"CA-3280 SY",1,0,0
"CA-3290",1,0,0
"CA-3291",1,0,0
"CA-3291 SY",1,0,0
"CA-3295",1,0,0
"CA-3295 SY",1,0,0
"CA-3333 EE",1,0,0
"CA-335 PL",1,0,0
"CA-3399 RV",1,0,0
"CA-352 EE",1,0,0
"CA-353 RV",1,0,0
"CA-3549 RV",1,0,0
"CA-3559 RV",1,0,0
"CA-3588 RV",1,0,0
"CA-3660 RV",1,0,0
"CA-3814 RV",1,0,0
"CA-3901 RV",1,0,0
"CA-3902 RV",1,0,0
"CA-3914",1,0,0
"CA-3943 RV",1,0,0
"CA-3989 RV",1,0,0
"CA-4202",1,0,0
"CA-4202 SY",1,0,0
"CA-4215",1,0,0
"CA-4221",1,0,0
"CA-4255",1,0,0
"CA-4255 RV",1,0,0
"CA-4260 RV",1,0,0
"CA-4309 RV",1,0,0
"CA-4320 RV",1,0,0
"CA-4329 EE",1,0,0
"CA-4336 RV",1,0,0
"CA-4352 EE",1,0,0
"CA-4354 EE",1,0,0
"CA-4360 RV",1,0,0
"CA-4499 RV",1,0,0
"CA-4576 RV",1,0,0
"CA-4580 RV",1,0,0
"CA-4597 RV",1,0,0
"CA-4685",1,0,0
"CA-4685 SY",1,0,0
"CA-4691",1,0,0
"CA-4691 SY",1,0,0
"CA-4692 SY",1,0,0
"CA-4778 RV",1,0,0
"CA-4813 EE",1,0,0
"CA-4818",1,0,0
"CA-4893",1,0,0
"CA-4924 RV",1,0,0
"CA-4950 RV",1,0,0
"CA-4974 RV",1,0,0
"CA-4989 RV",1,0,0
"CA-502",1,0,0
"CA-502 SY RV",1,0,0
"CA-5021 RV",1,0,0
"CA-5021 SY RV",1,0,0
"CA-5058 RV",1,0,0
"CA-507 RV",1,0,0
"CA-507 SY RV",1,0,0
"CA-5070 RV",1,0,0
"CA-508 SY RV",1,0,0
"CA-5108",1,0,0
"CA-5111",1,0,0
"CA-5125 RV",1,0,0
"CA-5137 RV",1,0,0
"CA-5140",1,0,0
"CA-5140 RV",1,0,0
"CA-5144",1,0,0
"CA-5155 RV",1,0,0
"CA-5156",1,0,0
"CA-5160",1,0,0
"CA-5160 EE",1,0,0
"CA-5164",1,0,0
"CA-5229 EE",1,0,0
"CA-523 RV",1,0,0
"CA-523 SY RV",1,0,0
"CA-5232 RV",1,0,0
"CA-5233",1,0,0
"CA-5266",1,0,0
"CA-5267 RV",1,0,0
"CA-5272 RV",1,0,0
"CA-5301 RV",1,0,0
"CA-5304",1,0,0
"CA-5308 EE",1,0,0
"CA-5325",1,0,0
"CA-5329 RV",1,0,0
"CA-5347 RV",1,0,0
"CA-5349 RV",1,0,0
"CA-535 RV",1,0,0
"CA-5350 RV",1,0,0
"CA-5356",1,0,0
"CA-5357",1,0,0
"CA-5357 D",1,0,0
"CA-5358 RV",1,0,0
"CA-536 SY RV",1,0,0
"CA-5369 RV",1,0,0
"CA-5370",1,0,0
"CA-5371 RV",1,0,0
"CA-5377",1,0,0
"CA-5377 D",1,0,0
"CA-5400 RV",1,0,0
"CA-5416 EE",1,0,0
"CA-5436 RV",1,0,0
"CA-5445 RV",1,0,0
"CA-5450 RV",1,0,0
"CA-5456",1,0,0
"CA-5456 EE",1,0,0
"CA-546",1,0,0
"CA-546 RV",1,0,0
"CA-546 SY RV",1,0,0
"CA-5463",1,0,0
"CA-5466 RV",1,0,0
"CA-5483 SY",1,0,0
"CA-5485 EE",1,0,0
"CA-5488",1,0,0
"CA-5492 RV",1,0,0
"CA-5494",1,0,0
"CA-5494 RV",1,0,0
"CA-5495",1,0,0
"CA-5495 RV",1,0,0
"CA-5496",1,0,0
"CA-5496 RV",1,0,0
"CA-5501",1,0,0
"CA-5513",1,0,0
"CA-5513 D",1,0,0
"CA-5513 RV",1,0,0
"CA-5522 RV",1,0,0
"CA-5554 RV",1,0,0
"CA-5555 RV",1,0,0
"CA-5567",1,0,0
"CA-5572 RV",1,0,0
"CA-5578",1,0,0
"CA-5595 RV",1,0,0
"CA-5611",1,0,0
"CA-5613 RV",1,0,0
"CA-5626",1,0,0
"CA-5626 PU",1,0,0
"CA-5626 SY PU",1,0,0
"CA-5626 SY RV",1,0,0
"CA-5627",1,0,0
"CA-5627 RV",1,0,0
"CA-563 RV",1,0,0
"CA-5630 A",1,0,0
"CA-5641 RV",1,0,0
"CA-5657 RV",1,0,0
"CA-5671",1,0,0
"CA-5674 RV",1,0,0
"CA-5677",1,0,0
"CA-5678 RV",1,0,0
"CA-5680",1,0,0
"CA-5682",1,0,0
"CA-5682 D",1,0,0
"CA-5699 RV",1,0,0
"CA-5707 RV",1,0,0
"CA-5707 SY RV",1,0,0
"CA-5716 RV",1,0,0
"CA-5718",1,0,0
"CA-5718 RV",1,0,0
"CA-5760",1,0,0
"CA-5776 EE",1,0,0
"CA-5781",1,0,0
"CA-5781 RV",1,0,0
"CA-5785 RV",1,0,0
"CA-5787 RV",1,0,0
"CA-5826 RV",1,0,0
"CA-5827",1,0,0
"CA-5830 RV",1,0,0
"CA-5837",1,0,0
"CA-5854 RV",1,0,0
"CA-5860 RV",1,0,0
"CA-5901",1,0,0
"CA-5929",1,0,0
"CA-5930 RV",1,0,0
"CA-5941",1,0,0
"CA-5944 RV",1,0,0
"CA-5945 RV",1,0,0
"CA-5948 RV",1,0,0
"CA-5961",1,0,0
"CA-5967",1,0,0
"CA-5970",1,0,0
"CA-5971",1,0,0
"CA-5971 SY",1,0,0
"CA-5981",1,0,0
"CA-5999 RV",1,0,0
"CA-5999 SY RV",1,0,0
"CA-6308 RV",1,0,0
"CA-6324 RV",1,0,0
"CA-6362 RV",1,0,0
"CA-6366 RV",1,0,0
"CA-6377 RV",1,0,0
"CA-6395 RV",1,0,0
"CA-6545",1,0,0
"CA-6558 RV",1,0,0
"CA-6604 SY RV",1,0,0
"CA-6672 SY RV",1,0,0
"CA-6690 RV",1,0,0
"CA-6807 RV",1,0,0
"CA-6828 RV",1,0,0
"CA-6856 RV",1,0,0
"CA-6868 RV",1,0,0
"CA-6900 RV",1,0,0
"CA-6929 SY RV",1,0,0
"CA-6939 RV",1,0,0
"CA-7139 RV",1,0,0
"CA-7139 SY RV",1,0,0
"CA-7140 RV",1,0,0
"CA-7142 RV",1,0,0
"CA-7174 RV",1,0,0
"CA-7178 RV",1,0,0
"CA-7203 RV",1,0,0
"CA-7245 RV",1,0,0
"CA-7284 RV",1,0,0
"CA-7344 RV",1,0,0
"CA-7351 RV",1,0,0
"CA-7368 RV",1,0,0
"CA-7414 RV",1,0,0
"CA-7417 RV",1,0,0
"CA-7420 RV",1,0,0
"CA-7421 RV",1,0,0
"CA-7432 RV",1,0,0
"CA-7438 RV",1,0,0
"CA-7440 RV",1,0,0
"CA-7444 RV",1,0,0
"CA-7444 SY RV",1,0,0
"CA-7459 RV",1,0,0
"CA-7480 RV",1,0,0
"CA-7484 RV",1,0,0
"CA-7484 SY RV",1,0,0
"CA-7486 RV",1,0,0
"CA-7486 SY RV",1,0,0
"CA-7487 RV",1,0,0
"CA-7490 RV",1,0,0
"CA-7495 RV",1,0,0
"CA-7495 SY RV",1,0,0
"CA-7597 RV",1,0,0
"CA-7605 RV",1,0,0
"CA-7617 RV",1,0,0
"CA-7651 RV",1,0,0
"CA-7737 RV",1,0,0
"CA-7764 RV",1,0,0
"CA-7774 RV",1,0,0
"CA-7775",1,0,0
"CA-7775 RV",1,0,0
"CA-8038 RV",1,0,0
"CA-8039 RV",1,0,0
"CA-8040 RV",1,0,0
"CA-8052 RV",1,0,0
"CA-8067 RV",1,0,0
"CA-8069 RV",1,0,0
"CA-8141 RV",1,0,0
"CA-8162 RV",1,0,0
"CA-8208 RV",1,0,0
"CA-8220 RV",1,0,0
"CA-8229 RV",1,0,0
"CA-8243 D",1,0,0
"CA-8248 RV",1,0,0
"CA-8295 RV",1,0,0
"CA-8466 RV",1,0,0
"CA-8492 RV",1,0,0
"CA-8493 SY RV",1,0,0
"CA-8594 RV",1,0,0
"CA-8602 RV",1,0,0
"CA-8621 RV",1,0,0
"CA-8621 SY RV",1,0,0
"CA-8666 RV",1,0,0
"CA-8668",1,0,0
"CA-8674",1,0,0
"CA-8675",1,0,0
"CA-8675 D",1,0,0
"CA-8730 RV",1,0,0
"CA-8734 RV",1,0,0
"CA-8736",1,0,0
"CA-8737 RV",1,0,0
"CA-8737 SY RV",1,0,0
"CA-8747 RV",1,0,0
"CA-8748 RV",1,0,0
"CA-8766 RV",1,0,0
"CA-8767 RV",1,0,0
"CA-8768 RV",1,0,0
"CA-8768-2 RV",1,0,0
"CA-8772",1,0,0
"CA-8774",1,0,0
"CA-8774 EE",1,0,0
"CA-8786 RV",1,0,0
"CA-8789 RV",1,0,0
"CA-8797 RV",1,0,0
"CA-8805 RV",1,0,0
"CA-8812 RV",1,0,0
"CA-8817 RV",1,0,0
"CA-8821",1,0,0
"CA-8847",1,0,0
"CA-8858 RV",1,0,0
"CA-8887 RV",1,0,0
"CA-8911 RV",1,0,0
"CA-8919",1,0,0
"CA-8934 RV",1,0,0
"CA-8963",1,0,0
"CA-8964",1,0,0
"CA-8964 RV",1,0,0
"CA-8970 RV",1,0,0
"CA-8995",1,0,0
"CA-8996",1,0,0
"CA-8997 RV",1,0,0
"CA-9002 RV",1,0,0
"CA-9002 SY RV",1,0,0
"CA-9003",1,0,0
"CA-9007 RV",1,0,0
"CA-9017 RV",1,0,0
"CA-9021 RV",1,0,0
"CA-9022 RV",1,0,0
"CA-9032",1,0,0
"CA-9032 SY",1,0,0
"CA-9033",1,0,0
"CA-9033 SY",1,0,0
"CA-9041 RV",1,0,0
"CA-9045",1,0,0
"CA-9045 SY",1,0,0
"CA-9048 SY RV",1,0,0
"CA-9053 RV",1,0,0
"CA-9054 RV",1,0,0
"CA-9074",1,0,0
"CA-9078",1,0,0
"CA-9080",1,0,0
"CA-9082",1,0,0
"CA-9096-2 RV",1,0,0
"CA-9097 RV",1,0,0
"CA-9098",1,0,0
"CA-9102 RV",1,0,0
"CA-9113 RV",1,0,0
"CA-9126 RV",1,0,0
"CA-9230 RV",1,0,0
"CA-9231",1,0,0
"CA-9246 RV",1,0,0
"CA-9248 RV",1,0,0
"CA-9269 RV",1,0,0
"CA-9283",1,0,0
"CA-9284 RV",1,0,0
"CA-9290 RV",1,0,0
"CA-9315",1,0,0
"CA-9328 RV",1,0,0
"CA-9329",1,0,0
"CA-9352 RV",1,0,0
"CA-9352 SY RV",1,0,0
"CA-9355",1,0,0
"CA-9355 SY",1,0,0
"CA-9361 RV",1,0,0
"CA-9367 RV",1,0,0
"CA-9369",1,0,0
"CA-9380 SY RV",1,0,0
"CA-9381 RV",1,0,0
"CA-9385",1,0,0
"CA-9388 RV",1,0,0
"CA-9391",1,0,0
"CA-9393",1,0,0
"CA-9401 RV",1,0,0
"CA-9409 RV",1,0,0
"CA-9410",1,0,0
"CA-9410 RV",1,0,0
"CA-9411",1,0,0
"CA-9419 RV",1,0,0
"CA-9419 SY RV",1,0,0
"CA-9424",1,0,0
"CA-9431",1,0,0
"CA-9435 RV",1,0,0
"CA-9441 RV",1,0,0
"CA-9442 RV",1,0,0
"CA-9475",1,0,0
"CA-9477",1,0,0
"CA-9482 RV",1,0,0
"CA-9489 RV",1,0,0
"CA-9493-01 RV",1,0,0
"CA-9511",1,0,0
"CA-9511 RV",1,0,0
"CA-9519",1,0,0
"CA-9525 RV",1,0,0
"CA-9542 RV",1,0,0
"CA-9544 RV",1,0,0
"CA-9550 RV",1,0,0
"CA-9560 RV",1,0,0
"CA-9560 SY RV",1,0,0
"CA-9564 RV",1,0,0
"CA-9571 RV",1,0,0
"CA-9572",1,0,0
"CA-9572 D",1,0,0
"CA-9589 RV",1,0,0
"CA-9600 RV",1,0,0
"CA-9643 RV",1,0,0
"CA-9680 RV",1,0,0
"CA-9682 RV",1,0,0
"CA-9683 RV",1,0,0
"CA-9709 RV",1,0,0
"CA-9711",1,0,0
"CA-9728 RV",1,0,0
"CA-9746",1,0,0
"CA-9746 SY",1,0,0
"CA-9747",1,0,0
"CA-9747 SY RV",1,0,0
"CA-9754",1,0,0
"CA-9764",1,0,0
"CA-9782 RV",1,0,0
"CA-9783 RV",1,0,0
"CA-9783 SY RV",1,0,0
"CA-9784 RV",1,0,0
"CA-9792 RV",1,0,0
"CA-9798 RV",1,0,0
"CA-9800 RV",1,0,0
"CA-9806 RV",1,0,0
"CA-9833",1,0,0
"CA-9834 RV",1,0,0
"CA-9835 RV",1,0,0
"CA-9849 RV",1,0,0
"CA-9874 RV",1,0,0
"CA-9900 RV",1,0,0
"CA-9902 RV",1,0,0
"CA-9937",1,0,0
"CA-9937 RV",1,0,0
"CA-9942 RV",1,0,0
"CA-9945 RV",1,0,0
"CA-9950 RV",1,0,0
"CA-9951 RV",1,0,0
"CA-9991",1,0,0
"PA-11380 RV",1,0,0
"PA-4419",1,0,0
"CAK-1532 RV",1,0,0
"CAK-2521 RV",1,0,0
"CAK-253 RV",1,0,0
"CAK-2557 RV",1,0,0
"CAK-256 RV",1,0,0
"CAK-258 RV",1,0,0
"CAK-4361 RV",1,0,0
"CAK-508 RV",1,0,0
"CAK-530 RV",1,0,0
"CAK-546 RV",1,0,0
"CAK-565 A RV",1,0,0
"CAK-6604 RV",1,0,0
"CAK-6672 RV",1,0,0
"CAK-7391 RV",1,0,0
"CAK-7687 RV",1,0,0
"CF-10025",1,0,0
"CF-10025 RV",1,0,0
"CF-10059 RV",1,0,0
"CF-10062",1,0,0
"CF-10073",1,0,0
"CF-10113",1,0,0
"CF-10135 RV",1,0,0
"CF-10204-2",1,0,0
"CF-10204-2 RV",1,0,0
"CF-10207 RV",1,0,0
"CF-10209-2",1,0,0
"CF-10210",1,0,0
"CF-10218 RV",1,0,0
"CF-10285",1,0,0
"CF-10363",1,0,0
"CF-10363 RV",1,0,0
"CF-10381",1,0,0
"CF-10411 RV",1,0,0
"CF-10420 RV",1,0,0
"CF-10431 RV",1,0,0
"CF-10436",1,0,0
"CF-10436 RV",1,0,0
"CF-10457",1,0,0
"CF-10457 RV",1,0,0
"CF-10471",1,0,0
"CF-10528 RV",1,0,0
"CF-10534-2 RV",1,0,0
"CF-10536-2 RV",1,0,0
"CF-10546 RV",1,0,0
"CF-10569",1,0,0
"CF-10597 RV",1,0,0
"CF-10627 RV",1,0,0
"CF-10774",1,0,0
"CF-10774 RV",1,0,0
"CF-10775 RV",1,0,0
"CF-10829",1,0,0
"CF-10829-2",1,0,0
"CF-10831 RV",1,0,0
"CF-10843",1,0,0
"CF-10883",1,0,0
"CF-10892",1,0,0
"CF-10893",1,0,0
"CF-10895",1,0,0
"CF-10896",1,0,0
"CF-10897",1,0,0
"CF-10898",1,0,0
"CF-10899",1,0,0
"CF-10900",1,0,0
"CF-10917 RV",1,0,0
"CF-11019",1,0,0
"CF-11164 RV",1,0,0
"CF-11166 RV",1,0,0
"CF-11182 RV",1,0,0
"CF-11183 RV",1,0,0
"CF-11243",1,0,0
"CF-11243 RV",1,0,0
"CF-11414 RV",1,0,0
"CF-11444 RV",1,0,0
"CF-11464",1,0,0
"CF-11464 RV",1,0,0
"CF-11471-2 RV",1,0,0
"CF-11484 RV",1,0,0
"CF-11486 RV",1,0,0
"CF-11548",1,0,0
"CF-11586",1,0,0
"CF-11686",1,0,0
"CF-11726",1,0,0
"CF-11819 RV",1,0,0
"CF-12018",1,0,0
"CF-12145",1,0,0
"CF-12152 RV",1,0,0
"CF-5475",1,0,0
"CF-5551",1,0,0
"CF-5551 RV",1,0,0
"CF-5662",1,0,0
"CF-5663",1,0,0
"CF-5664",1,0,0
"CF-5664 RV",1,0,0
"CF-5817",1,0,0
"CF-5818",1,0,0
"CF-5819",1,0,0
"CF-5823",1,0,0
"CF-5841 RV",1,0,0
"CF-5842 RV",1,0,0
"CF-5845 RV",1,0,0
"CF-5846",1,0,0
"CF-5848",1,0,0
"CF-5849",1,0,0
"CF-5863",1,0,0
"CF-5863 RV",1,0,0
"CF-5864",1,0,0
"CF-5865",1,0,0
"CF-5892 RV",1,0,0
"CF-5893",1,0,0
"CF-5942",1,0,0
"CF-5942 RV",1,0,0
"CF-5972-2 RV",1,0,0
"CF-8331",1,0,0
"CF-8644 A",1,0,0
"CF-8726",1,0,0
"CF-8750 RV",1,0,0
"CF-8777",1,0,0
"CF-8799",1,0,0
"CF-8799 RV",1,0,0
"CF-8838",1,0,0
"CF-8867",1,0,0
"CF-8868",1,0,0
"CF-8869",1,0,0
"CF-8890",1,0,0
"CF-8913 RV",1,0,0
"CF-8989",1,0,0
"CF-9034",1,0,0
"CF-9051",1,0,0
"CF-9070",1,0,0
"CF-9071",1,0,0
"CF-9084",1,0,0
"CF-9293",1,0,0
"CF-9293 RV",1,0,0
"CF-9294",1,0,0
"CF-9323",1,0,0
"CF-9364",1,0,0
"CF-9383 RV",1,0,0
"CF-9396 RV",1,0,0
"CF-9398",1,0,0
"CF-9406",1,0,0
"CF-9406 RV",1,0,0
"CF-9408 RV",1,0,0
"CF-9414",1,0,0
"CF-9442 RV",1,0,0
"CF-9466",1,0,0
"CF-9485 RV",1,0,0
"CF-9495",1,0,0
"CF-9495 RV",1,0,0
"CF-9579 RV",1,0,0
"CF-9645",1,0,0
"CF-9655 RV",1,0,0
"CF-9686",1,0,0
"CF-9691",1,0,0
"CF-9756 RV",1,0,0
"CF-9787 RV",1,0,0
"CF-9788",1,0,0
"CF-9819-2 RV",1,0,0
"CF-9878",1,0,0
"CF-9881",1,0,0
"CF-9882",1,0,0
"CF-9882 RV",1,0,0
"CF-9905 RV",1,0,0
"CFA-10055 RV",1,0,0
"CFA-10103-2 RV",1,0,0
"CFA-10206 RV",1,0,0
"CFA-10365 RV",1,0,0
"CFA-10366 RV",1,0,0
"CFA-10411",1,0,0
"CFA-10436",1,0,0
"CFA-10458 RV",1,0,0
"CFA-10528",1,0,0
"CFA-10529 RV",1,0,0
"CFA-10584 RV",1,0,0
"CFA-10775 RV",1,0,0
"CFA-10830 RV",1,0,0
"CFA-10893",1,0,0
"CFA-10934 RV",1,0,0
"CFA-11285 RV",1,0,0
"CFA-11463 RV",1,0,0
"CFA-11472 RV",1,0,0
"CFA-11486 RV",1,0,0
"CFA-11643 RV",1,0,0
"CFA-11662",1,0,0
"CFA-11686",1,0,0
"CFA-11739 RV",1,0,0
"CFA-11961 RV",1,0,0
"CFA-8103 RV",1,0,0
"CFA-8838",1,0,0
"CFA-8869",1,0,0
"CFA-8882 RV",1,0,0
"CFA-8912-2 RV",1,0,0
"CFA-9495",1,0,0
"CFA-9533 RV",1,0,0
"CFA-9534",1,0,0
"CFA-9562 RV",1,0,0
"CFA-9587",1,0,0
"CFA-9691",1,0,0
"CFA-9881",1,0,0
"CFA-9920 RV",1,0,0
"CFA-9921",1,0,0
"PC8114 RV",1,0,0
"PC8118 RV",1,0,0
"PC8121 RV",1,0,0
"PC8138 RV",1,0,0
"PC8140 RV",1,0,0
"PC8230 RV",1,0,0
"PC8289 RV",1,0,0
"CH-10047ECO RV",1,0,0
"CH-10054ECO RV",1,0,0
"CH-10075 RV",1,0,0
"CH-10090",1,0,0
"CH-10160 RV",1,0,0
"CH-10197ECO RV",1,0,0
"CH-10246",1,0,0
"CH-10246 RV",1,0,0
"CH-10323ECO RV",1,0,0
"CH-10358",1,0,0
"CH-10358 RV",1,0,0
"CH-10532ECO RV",1,0,0
"CH-10623ECO RV",1,0,0
"CH-10636 RV",1,0,0
"CH-10660ECO RV",1,0,0
"CH-10759",1,0,0
"CH-10759 RV",1,0,0
"CH-10857 RV",1,0,0
"CH-10955 RV",1,0,0
"CH-11060 RV",1,0,0
"CH-11079ECO RV",1,0,0
"CH-11120 RV",1,0,0
"CH-11208",1,0,0
"CH-11217 RV",1,0,0
"CH-11217ECO RV",1,0,0
"CH-11276ECO RV",1,0,0
"CH-11277ECO RV",1,0,0
"CH-11299ECO RV",1,0,0
"CH-11461ECO RV",1,0,0
"CH-11473ECO RV",1,0,0
"CH-11475",1,0,0
"CH-11498ECO RV",1,0,0
"CH-11665 RV",1,0,0
"CH-11673",1,0,0
"CH-11724",1,0,0
"CH-12176",1,0,0
"CH-12246 RV",1,0,0
"CH-12454ECO RV",1,0,0
"CH-12519 RV",1,0,0
"CH-155 PL RV",1,0,0
"CH-191 APL RV",1,0,0
"CH-238 APL RV",1,0,0
"CH-2801",1,0,0
"CH-2927 A",1,0,0
"CH-2930",1,0,0
"CH-2962",1,0,0
"CH-2963",1,0,0
"CH-2989 RV",1,0,0
"CH-33 PL",1,0,0
"CH-337 PL RV",1,0,0
"CH-4536",1,0,0
"CH-4536 RV",1,0,0
"CH-4747 RV",1,0,0
"CH-4755 RV",1,0,0
"CH-5151 RV",1,0,0
"CH-5262",1,0,0
"CH-5320 RV",1,0,0
"CH-56 RV",1,0,0
"CH-5640 RV",1,0,0
"CH-5644 RV",1,0,0
"CH-5933 RV",1,0,0
"CH-5979ECO RV",1,0,0
"CH-5993",1,0,0
"CH-6 PL",1,0,0
"CH-6005 RV",1,0,0
"CH-6012 RV",1,0,0
"CH-6015 RV",1,0,0
"CH-6070 RV",1,0,0
"CH-6097 RV",1,0,0
"CH-6099 RV",1,0,0
"CH-6848 RV",1,0,0
"CH-803 APL",1,0,0
"CH-8081 RV",1,0,0
"CH-8087ECO RV",1,0,0
"CH-8158 RV",1,0,0
"CH-8213 RV",1,0,0
"CH-8278 RV",1,0,0
"CH-834 PL",1,0,0
"CH-8481 RV",1,0,0
"CH-850 PL",1,0,0
"CH-8530",1,0,0
"CH-8712 RV",1,0,0
"CH-8751 RV",1,0,0
"CH-8776ECO RV",1,0,0
"CH-8871 RV",1,0,0
"CH-8902ECO RV",1,0,0
"CH-8980ECO RV",1,0,0
"CH-9018 RV",1,0,0
"CH-9023 RV",1,0,0
"CH-9301 RV",1,0,0
"CH-9305",1,0,0
"CH-9305 RV",1,0,0
"CH-9348ECO RV",1,0,0
"CH-9382ECO RV",1,0,0
"CH-9389",1,0,0
"CH-9389 RV",1,0,0
"CH-9443",1,0,0
"CH-9443 RV",1,0,0
"CH-946 PL",1,0,0
"CH-9461 RV",1,0,0
"CH-9462ECO RV",1,0,0
"CH-9528ECO RV",1,0,0
"CH-9547ECO RV",1,0,0
"CH-9549 RV",1,0,0
"CH-9558 RV",1,0,0
"CH-9580",1,0,0
"CH-9584ECO RV",1,0,0
"CH-9657",1,0,0
"CH-9657 RV",1,0,0
"CH-9685ECO RV",1,0,0
"CH-9690 RV",1,0,0
"CH-9713ECO RV",1,0,0
"CH-9911",1,0,0
"CH-9911 RV",1,0,0
"CH-9918ECO RV",1,0,0
"CH-995 PL",1,0,0
"CH-9954",1,0,0
"CH-9954 RV",1,0,0
"CH-9955 RV",1,0,0
"CH-9972 RV",1,0,0
"CH-9973 RV",1,0,0
"CH-9994ECO RV",1,0,0
"CH-9999 RV",1,0,0
"Competicion TC-1",1,0,0
"Competicion TC-2",1,0,0
"FA4820 RV",1,0,0
"FA5377ECO RV",1,0,0
"FA5393 RV",1,0,0
"FA5559ECO RV",1,0,0
"FA5595ECO RV",1,0,0
"FA5597 RV",1,0,0
"FA5635ECO RV",1,0,0
"FA5639ECO RV",1,0,0
"FA5819ECO RV",1,0,0
"FA5834 RV",1,0,0
"FA5888 RV",1,0,0
"FA5930 RV",1,0,0
"FA5993ECO RV",1,0,0
"FA5997ECO RV",1,0,0
"FA5998ECO RV",1,0,0
"FA5999ECO RV",1,0,0
"FA6145ECO RV",1,0,0
"FA7424 RV",1,0,0
"FB1277/A RV",1,0,0
"FC571 RV",1,0,0
"FD1513 RV",1,0,0
"FK-11186 RV",1,0,0
"FK-11187 RV",1,0,0
"FL6918 RV",1,0,0
"FL9107 RV",1,0,0
"FLI6818 RV",1,0,0
"FLI6869 RV",1,0,0
"FLI6872 RV",1,0,0
"FLI6916 RV",1,0,0
"FLI6929 RV",1,0,0
"FLI6932 RV",1,0,0
"FLI9013 RV",1,0,0
"FLI9028 RV",1,0,0
"FLI9041 RV",1,0,0
"FLI9094 RV",1,0,0
"FLI9105 RV",1,0,0
"FLI9106 RV",1,0,0
"FLI9112 RV",1,0,0
"FLI9165 RV",1,0,0
"FLI9182 RV",1,0,0
"FLI9306 RV",1,0,0
"FLI9311 RV",1,0,0
"FLI9316 RV",1,0,0
"FLI9326 RV",1,0,0
"FLI9328 RV",1,0,0
"FLI9329 RV",1,0,0
"FP5771 RV",1,0,0
"FP5837 RV",1,0,0
"FT-1039 A RV",1,0,0
"FT-1065 A RV",1,0,0
"FT-1122 A RV",1,0,0
"FT-1153 RV",1,0,0
"FT-1206 A RV",1,0,0
"FT-1214 RV",1,0,0
"FT-1219 RV",1,0,0
"FT-1222 RV",1,0,0
"FT-1233 RV",1,0,0
"FT-1240 RV",1,0,0
"FT5315 RV",1,0,0
"FT5433 RV",1,0,0
"FT5610 RV",1,0,0
"FT5611 RV",1,0,0
"FT5651 RV",1,0,0
"FT5812 RV",1,0,0
"FT6023 RV",1,0,0
"FT6024 RV",1,0,0
"FT6046 RV",1,0,0
"FT6048 RV",1,0,0
"FT6050 RV",1,0,0
"FT6711 RV",1,0,0
"G-10146 RV",1,0,0
"G-10147 RV",1,0,0
"G-10215 RV",1,0,0
"G-10230",1,0,0
"G-10230 RV",1,0,0
"G-10243 RV",1,0,0
"G-10819 RV",1,0,0
"G-11954",1,0,0
"G-12-1 RV",1,0,0
"G-12783",1,0,0
"G-15 RV",1,0,0
"G-3736 RV",1,0,0
"G-3737 RV",1,0,0
"G-3744 RV",1,0,0
"G-3747 RV",1,0,0
"G-3802 A RV",1,0,0
"G-3829",1,0,0
"G-3829 RV",1,0,0
"G-3850 RV",1,0,0
"G-4164 RV",1,0,0
"G-4196 RV",1,0,0
"G-4715 RV",1,0,0
"G-4777 RV",1,0,0
"G-5188",1,0,0
"G-5188 RV",1,0,0
"G-5311 RV",1,0,0
"G-5312 RV",1,0,0
"G-5355 RV",1,0,0
"G-5471 RV",1,0,0
"G-5493",1,0,0
"G-5493 RV",1,0,0
"G-5540 RV",1,0,0
"G-5561 RV",1,0,0
"G-5603 RV",1,0,0
"G-5607 RV",1,0,0
"G-5738",1,0,0
"G-5738 RV",1,0,0
"G-5774 RV",1,0,0
"G-5870 RV",1,0,0
"G-5980",1,0,0
"G-5982 RV",1,0,0
"G-5995",1,0,0
"G-5995 RV",1,0,0
"G-6400 RV",1,0,0
"G-6442 RV",1,0,0
"G-6459 RV",1,0,0
"G-6473 RV",1,0,0
"G-6495 RV",1,0,0
"G-6507 RV",1,0,0
"G-6553 RV",1,0,0
"G-6573 RV",1,0,0
"G-6574 RV",1,0,0
"G-6677 RV",1,0,0
"G-6826 RV",1,0,0
"G-6827 RV",1,0,0
"G-7099 RV",1,0,0
"G-7150 RV",1,0,0
"G-7295 RV",1,0,0
"G-7296 RV",1,0,0
"G-7367 RV",1,0,0
"G-7393 RV",1,0,0
"G-7396 RV",1,0,0
"G-7399 RV",1,0,0
"G-7404 RV",1,0,0
"G-7418 RV",1,0,0
"G-7599 RV",1,0,0
"G-7612 RV",1,0,0
"G-7649 RV",1,0,0
"G-7729",1,0,0
"G-8018 RV",1,0,0
"G-8078 RV",1,0,0
"G-8160 RV",1,0,0
"G-8835 RV",1,0,0
"G-8836 RV",1,0,0
"G-9016 RV",1,0,0
"G-9291",1,0,0
"G-9307 RV",1,0,0
"G-9412",1,0,0
"G-9484 RV",1,0,0
"G-9526 RV",1,0,0
"G-9527 RV",1,0,0
"G-9960 RV",1,0,0
"P-10089 RV",1,0,0
"P-10195 RV",1,0,0
"P-10196 RV",1,0,0
"P-10222 RV",1,0,0
"P-10275",1,0,0
"P-10275 RV",1,0,0
"P-10287 RV",1,0,0
"P-10292 RV",1,0,0
"P-10357 RV",1,0,0
"P-10441 RV",1,0,0
"P-10503",1,0,0
"P-10503 RV",1,0,0
"P-10508 RV",1,0,0
"P-10688 RV",1,0,0
"P-10689",1,0,0
"P-10689 RV",1,0,0
"P-10695",1,0,0
"P-10852 A RV",1,0,0
"P-1103 A RV",1,0,0
"P-11039 RV",1,0,0
"P-1104",1,0,0
"P-1110",1,0,0
"P-1110 RV",1,0,0
"P-11194 RV",1,0,0
"P-11291 RV",1,0,0
"P-1130 RV",1,0,0
"P-1131 RV",1,0,0
"P-1146 G RV",1,0,0
"P-1146 RV",1,0,0
"P-1147 A RV",1,0,0
"P-11573 RV",1,0,0
"P-12154",1,0,0
"P-12462 RV",1,0,0
"P-1653 A",1,0,0
"P-1655 RV",1,0,0
"P-2808",1,0,0
"P-3340 RV",1,0,0
"P-3376 RV",1,0,0
"P-3401",1,0,0
"P-3522",1,0,0
"P-3528 A RV",1,0,0
"P-3555 A",1,0,0
"P-3627",1,0,0
"P-3726 RV",1,0,0
"P-3815 A RV",1,0,0
"P-3815 RV",1,0,0
"P-3828 RV",1,0,0
"P-3959 RV",1,0,0
"P-4105",1,0,0
"P-4159",1,0,0
"P-4171",1,0,0
"P-4178",1,0,0
"P-4182",1,0,0
"P-4183",1,0,0
"P-4549 A",1,0,0
"P-4637 RV",1,0,0
"P-4836 RV",1,0,0
"P-5138",1,0,0
"P-5162 RV",1,0,0
"P-5163",1,0,0
"P-5173 RV",1,0,0
"P-5328",1,0,0
"P-5328 RV",1,0,0
"P-5457",1,0,0
"P-5537",1,0,0
"P-5573 RV",1,0,0
"P-5652",1,0,0
"P-5653 RV",1,0,0
"P-5661 RV",1,0,0
"P-5694",1,0,0
"P-5797",1,0,0
"P-6446 RV",1,0,0
"P-6871 RV",1,0,0
"P-6881 RV",1,0,0
"P-6882 RV",1,0,0
"P-6885 RV",1,0,0
"P-6893 RV",1,0,0
"P-7027 RV",1,0,0
"P-7252 RV",1,0,0
"P-7253 RV",1,0,0
"P-7513",1,0,0
"P-7540 RV",1,0,0
"P-7566 RV",1,0,0
"P-7678 A RV",1,0,0
"P-8022 RV",1,0,0
"P-8024 RV",1,0,0
"P-8043",1,0,0
"P-8191 RV",1,0,0
"P-8264 RV",1,0,0
"P-8265 RV",1,0,0
"P-8335 RV",1,0,0
"P-8451 RV",1,0,0
"P-8552 RV",1,0,0
"P-8576 RV",1,0,0
"P-8935",1,0,0
"P-8943",1,0,0
"P-9265 RV",1,0,0
"P-9302 RV",1,0,0
"P-9407 RV",1,0,0
"P-9421",1,0,0
"P-9422",1,0,0
"P-9436 RV",1,0,0
"P-9450 RV",1,0,0
"P-9452 RV",1,0,0
"P-9454",1,0,0
"P-9454 RV",1,0,0
"P-9486 RV",1,0,0
"P-9554 RV",1,0,0
"P-9626",1,0,0
"P-9635 RV",1,0,0
"P-967",1,0,0
"P-9677 RV",1,0,0
"P-9811 RV",1,0,0
"P-9903",1,0,0
"P-9947 RV",1,0,0
"P-11047 RV",1,0,0
"PFA-5693 RV",1,0,0
"PCS-11043 RV",1,0,0
"HPH-6349 A RV",1,0,0
"HPH-6349 A",1,0,0
"HP-1 RV",1,0,0
"HP-4 RV",1,0,0
"HPH-9500 RV",1,0,0
"PH-12482",1,0,0
"PH-10044",1,0,0
"PH-10060",1,0,0
"PH-10060 RV",1,0,0
"PH-10127",1,0,0
"PH-10220 RV",1,0,0
"PH-10267",1,0,0
"PH-10268",1,0,0
"PH-10575 RV",1,0,0
"PH-10600 RV",1,0,0
"PH-10757 RV",1,0,0
"PH-11275",1,0,0
"PH-11440",1,0,0
"PH-11447",1,0,0
"PH-11462",1,0,0
"PH-12005",1,0,0
"PH-12060 RV",1,0,0
"PH-13",1,0,0
"PH-2",1,0,0
"PH-20",1,0,0
"PH-2801 B",1,0,0
"PH-2811",1,0,0
"PH-2821",1,0,0
"PH-2821 C",1,0,0
"PH-2824",1,0,0
"PH-2825",1,0,0
"PH-2830",1,0,0
"PH-2842",1,0,0
"PH-2843/1",1,0,0
"PH-2846",1,0,0
"PH-2850",1,0,0
"PH-2852",1,0,0
"PH-2856",1,0,0
"PH-2857 A",1,0,0
"PH-2859",1,0,0
"PH-2861 B",1,0,0
"PH-2862 C",1,0,0
"PH-2864",1,0,0
"PH-2864 A",1,0,0
"PH-2870 A",1,0,0
"PH-2870 A RV",1,0,0
"PH-2871",1,0,0
"PH-2883",1,0,0
"PH-2883 RV",1,0,0
"PH-2951",1,0,0
"PH-2954",1,0,0
"PH-2956",1,0,0
"PH-2960",1,0,0
"PH-2966",1,0,0
"PH-2981",1,0,0
"PH-3335 RV",1,0,0
"PH-3387 A RV",1,0,0
"PH-3403 RV",1,0,0
"PH-3506 RV",1,0,0
"PH-3562",1,0,0
"PH-3567 RV",1,0,0
"PH-3569",1,0,0
"PH-3569 ST",1,0,0
"PH-3593 A",1,0,0
"PH-3612 RV",1,0,0
"PH-3614",1,0,0
"PH-3614 RV",1,0,0
"PH-3682",1,0,0
"PH-3757 RV",1,0,0
"PH-3766 RV",1,0,0
"PH-3773 RV",1,0,0
"PH-3900",1,0,0
"PH-3976",1,0,0
"PH-3976 RV",1,0,0
"PH-3980 RV",1,0,0
"PH-42 A RV ESP",1,0,0
"PH-4386",1,0,0
"PH-4386 RV",1,0,0
"PH-4467",1,0,0
"PH-4469 RV",1,0,0
"PH-4479",1,0,0
"PH-4482",1,0,0
"PH-4510",1,0,0
"PH-4551",1,0,0
"PH-4553 A",1,0,0
"PH-4558",1,0,0
"PH-4560 RV",1,0,0
"PH-47 RV",1,0,0
"PH-4701",1,0,0
"PH-4703",1,0,0
"PH-4722",1,0,0
"PH-4731 RV",1,0,0
"PH-4847 A",1,0,0
"PH-4847 A RV",1,0,0
"PH-4848 RV",1,0,0
"PH-4853 RV",1,0,0
"PH-4854 RV",1,0,0
"PH-4887",1,0,0
"PH-49 A",1,0,0
"PH-4908",1,0,0
"PH-4952",1,0,0
"PH-4967",1,0,0
"PH-4967 RV",1,0,0
"PH-4990 A",1,0,0
"PH-4997",1,0,0
"PH-4998 RV",1,0,0
"PH-5046 RV",1,0,0
"PH-5103",1,0,0
"PH-5123 RV",1,0,0
"PH-5124 RV",1,0,0
"PH-5126 RV",1,0,0
"PH-5190",1,0,0
"PH-5203",1,0,0
"PH-5280 RV",1,0,0
"PH-5317",1,0,0
"PH-5375 RV",1,0,0
"PH-5443",1,0,0
"PH-5511",1,0,0
"PH-5529 RV",1,0,0
"PH-5548",1,0,0
"PH-5548 A",1,0,0
"PH-5552",1,0,0
"PH-5566/2",1,0,0
"PH-5592 RV",1,0,0
"PH-5594 A RV",1,0,0
"PH-5713",1,0,0
"PH-5717 RV",1,0,0
"PH-5752",1,0,0
"PH-5754",1,0,0
"PH-5796",1,0,0
"PH-5796 RV",1,0,0
"PH-5803",1,0,0
"PH-5831 RV",1,0,0
"PH-5885",1,0,0
"PH-5885 RV",1,0,0
"PH-5949",1,0,0
"PH-5949 RV",1,0,0
"PH-6010 A RV",1,0,0
"PH-6017 A",1,0,0
"PH-6017 A RV",1,0,0
"PH-6018 RV",1,0,0
"PH-6022 RV",1,0,0
"PH-6063 RV",1,0,0
"PH-6114 RV",1,0,0
"PH-6355",1,0,0
"PH-6607",1,0,0
"PH-6607 RV",1,0,0
"PH-6811 RV",1,0,0
"PH-7136",1,0,0
"PH-7136 RV",1,0,0
"PH-7138 RV",1,0,0
"PH-7317",1,0,0
"PH-7405 RV",1,0,0
"PH-8 B",1,0,0
"PH-8 E",1,0,0
"PH-8170 RV",1,0,0
"PH-8212 RV",1,0,0
"PH-8316 RV",1,0,0
"PH-8476",1,0,0
"PH-8690 RV",1,0,0
"PH-8691 RV",1,0,0
"PH-8798 RV",1,0,0
"PH-8842",1,0,0
"PH-8910 RV",1,0,0
"PH-8933 RV",1,0,0
"PH-8944",1,0,0
"PH-8944 RV",1,0,0
"PH-8994 RV",1,0,0
"PH-9",1,0,0
"PH-9453",1,0,0
"PH-9453 RV",1,0,0
"PH-9503",1,0,0
"PH-9503 RV",1,0,0
"PH-9536 RV",1,0,0
"PH-9566",1,0,0
"PH-9637 RV",1,0,0
"PH-9648 RV",1,0,0
"PH-9688 RV",1,0,0
"PH-9739 RV",1,0,0
"PH-9748",1,0,0
"PH-9763 RV",1,0,0
"PH-977",1,0,0
"PH-977 RV",1,0,0
"PR-3392 A RV",1,0,0
"PR-3414 RV",1,0,0
"PR-3909 RV",1,0,0
"PR-8693 RV ESP",1,0,0
"PS-10037",1,0,0
"PS-10042 RV",1,0,0
"PS-10061",1,0,0
"PS-10061 RV",1,0,0
"PS-10148 RV",1,0,0
"PS-10288 RV",1,0,0
"PS-10398 RV",1,0,0
"PS-10486 RV",1,0,0
"PS-10610 RV",1,0,0
"PS-10667 RV",1,0,0
"PS-10713 RV",1,0,0
"PS-10872 RV",1,0,0
"PS-10884 RV",1,0,0
"PS-10964 RV",1,0,0
"PS-10979 RV",1,0,0
"PS-11117 RV",1,0,0
"PS-11160 RV",1,0,0
"PS-11185 RV",1,0,0
"PS-11221 RV",1,0,0
"PS-12053 RV",1,0,0
"PS-12127",1,0,0
"PS-12225",1,0,0
"PS-12226",1,0,0
"PS-12358 RV",1,0,0
"PS-12673",1,0,0
"PS-3607 A RV",1,0,0
"PS-3712",1,0,0
"PS-4886",1,0,0
"PS-4886 RV",1,0,0
"PS-4922",1,0,0
"PS-4922 RV",1,0,0
"PS-5896",1,0,0
"PS-5896 RV",1,0,0
"PS-5960 RV",1,0,0
"PS-5989",1,0,0
"PS-6643 RV",1,0,0
"PS-6829",1,0,0
"PS-6829 RV",1,0,0
"PS-6830 RV",1,0,0
"PS-6831 RV",1,0,0
"PS-7171",1,0,0
"PS-7407 A RV",1,0,0
"PS-7408 A RV",1,0,0
"PS-7569 A RV",1,0,0
"PS-7677 RV",1,0,0
"PS-7714 RV",1,0,0
"PS-8047 RV",1,0,0
"PS-8185 RV",1,0,0
"PS-8187",1,0,0
"PS-8239 RV",1,0,0
"PS-8322 RV",1,0,0
"PS-8428 RV",1,0,0
"PS-8450 RV",1,0,0
"PS-8487 RV",1,0,0
"PS-8605 FP RV",1,0,0
"PS-8784 RV",1,0,0
"PS-8787",1,0,0
"PS-8950",1,0,0
"PS-9025",1,0,0
"PS-9026",1,0,0
"PS-9027",1,0,0
"PS-9028",1,0,0
"PS-9029 RV",1,0,0
"PS-9039 RV",1,0,0
"PS-9050 RV",1,0,0
"PS-9127 RV",1,0,0
"PS-9420 WST RV",1,0,0
"PS-9451 RV",1,0,0
"PS-9476 RV",1,0,0
"PS-9514 RV",1,0,0
"PS-9537 RV",1,0,0
"PS-9553 WST RV",1,0,0
"PS-9624 A RV",1,0,0
"U100 RV",1,0,0
"U102 RV",1,0,0
"PS5960 RV",1,0,0
"PS5989",1,0,0
"PS6643 RV",1,0,0
"PS6829",1,0,0
"PS6829 RV",1,0,0
"PS6830 RV",1,0,0
"PS6831 RV",1,0,0
"PS7407 A RV",1,0,0
"PS7408 A RV",1,0,0
"PS7569 A RV",1,0,0
"PS7677 RV",1,0,0
"PS7714 RV",1,0,0
"PS8047 RV",1,0,0
"PS8185 RV",1,0,0
"PS8187",1,0,0
"PS8239 RV",1,0,0
"PS8322 RV",1,0,0
"PS8428 RV",1,0,0
"PS8450 RV",1,0,0
"PS8487 RV",1,0,0
"PS8605 FP RV",1,0,0
"PS8784 RV",1,0,0
"PS8787",1,0,0
"PS8950",1,0,0
"PS9029 RV",1,0,0
"PS9039 RV",1,0,0
"PS9050 RV",1,0,0
"PS9127 RV",1,0,0
"PS9420 WST RV",1,0,0
"PS9451 RV",1,0,0
"PS9476 RV",1,0,0
"PS9514 RV",1,0,0
"PS9537 RV",1,0,0
"PS9553 WST RV",1,0,0
"PS9624 A RV",1,0,0
"OX366D",1,0,0
"LX3295/8",1,0,0
"LA1300",1,0,0
"LA1103",1,0,0
"AL37",1,0,0
"LA1098",1,0,0
"OX799",1,0,0
"KL939",1,0,0
"KL1053",1,0,0
"LX3987",1,0,0
"LX5342",1,0,0
"KC629D",1,0,0
"LX3687",1,0,0
"LX3690",1,0,0
"LX809",1,0,0
"OC1172",1,0,0
"0621 1700",1,0,0
"0621 1718",1,0,0
"0951-127M1",1,0,0
"AL12",1,0,0
"AL14",1,0,0
"AL24",1,0,0
"AL26",1,0,0
"AL27",1,0,0
"HC101",1,0,0
"HC102",1,0,0
"HC103",1,0,0
"HC104",1,0,0
"HC105",1,0,0
"HC106",1,0,0
"HC107",1,0,0
"HC108",1,0,0
"HC109",1,0,0
"HC110",1,0,0
"HC62",1,0,0
"HC76",1,0,0
"HC82",1,0,0
"HC83",1,0,0
"HC84",1,0,0
"HC85",1,0,0
"HC86",1,0,0
"HC96",1,0,0
"HC99",1,0,0
"HX132D",1,0,0
"HX15",1,0,0
"HX154",1,0,0
"HX40",1,0,0
"HX50",1,0,0
"HX51D",1,0,0
"HX52",1,0,0
"HX53",1,0,0
"HX54",1,0,0
"HX55",1,0,0
"HX56",1,0,0
"HX57D",1,0,0
"HX58",1,0,0
"HX77",1,0,0
"HX80",1,0,0
"HX84D",1,0,0
"HX89",1,0,0
"KC100D",1,0,0
"KC101",1,0,0
"KC101/1",1,0,0
"KC107",1,0,0
"KC109",1,0,0
"KC113",1,0,0
"KC114",1,0,0
"KC116",1,0,0
"KC118",1,0,0
"KC118/1",1,0,0
"KC119",1,0,0
"KC120",1,0,0
"KC121",1,0,0
"KC122",1,0,0
"KC122/1",1,0,0
"KC123",1,0,0
"KC124",1,0,0
"KC125",1,0,0
"KC126",1,0,0
"KC126/2",1,0,0
"KC127",1,0,0
"KC128",1,0,0
"KC129/1",1,0,0
"KC130",1,0,0
"KC131",1,0,0
"KC132",1,0,0
"KC133",1,0,0
"KC134",1,0,0
"KC166",1,0,0
"KC171",1,0,0
"KC18",1,0,0
"KC182",1,0,0
"KC184",1,0,0
"KC186",1,0,0
"KC187",1,0,0
"KC188",1,0,0
"KC191",1,0,0
"KC192",1,0,0
"KC197",1,0,0
"KC20",1,0,0
"KC200",1,0,0
"KC214",1,0,0
"KC216",1,0,0
"KC217",1,0,0
"KC22",1,0,0
"KC222",1,0,0
"KC24",1,0,0
"KC251",1,0,0
"KC28",1,0,0
"KC300",1,0,0
"KC362D",1,0,0
"KC378D",1,0,0
"KC38",1,0,0
"KC381",1,0,0
"KC384D",1,0,0
"KC4",1,0,0
"KC416D",1,0,0
"KC429D",1,0,0
"KC430D",1,0,0
"KC437",1,0,0
"KC440",1,0,0
"KC441",1,0,0
"KC444",1,0,0
"KC445",1,0,0
"KC446",1,0,0
"KC454",1,0,0
"KC455",1,0,0
"KC459",1,0,0
"KC46",1,0,0
"KC489",1,0,0
"KC491D",1,0,0
"KC492",1,0,0
"KC5",1,0,0
"KC500D",1,0,0
"KC503D",1,0,0
"KC505D",1,0,0
"KC507",1,0,0
"KC508D",1,0,0
"KC509",1,0,0
"KC51",1,0,0
"KC539",1,0,0
"KC571",1,0,0
"KC572",1,0,0
"KC573",1,0,0
"KC575",1,0,0
"KC59",1,0,0
"KC595",1,0,0
"KC597D",1,0,0
"KC607",1,0,0
"KC608",1,0,0
"KC614",1,0,0
"KC618",1,0,0
"KC63/1D",1,0,0
"KC633D",1,0,0
"KC635",1,0,0
"KC636",1,0,0
"KC637/1",1,0,0
"KC637D",1,0,0
"KC641/1",1,0,0
"KC641D",1,0,0
"KC647/1",1,0,0
"KC647D",1,0,0
"KC648/1",1,0,0
"KC648D",1,0,0
"KC650D",1,0,0
"KC652D",1,0,0
"KC653/1",1,0,0
"KC653D",1,0,0
"KC654D",1,0,0
"KC67",1,0,0
"KC69",1,0,0
"KC6D",1,0,0
"KC704D",1,0,0
"KC75",1,0,0
"KC76",1,0,0
"KC8",1,0,0
"KC83",1,0,0
"KC94",1,0,0
"KC98",1,0,0
"KL100/2",1,0,0
"KL1029",1,0,0
"KL103",1,0,0
"KL104/1",1,0,0
"KL1047",1,0,0
"KL1058",1,0,0
"KL1079",1,0,0
"KL1094",1,0,0
"KL13",1,0,0
"KL145",1,0,0
"KL147D",1,0,0
"KL149",1,0,0
"KL154",1,0,0
"KL155/1",1,0,0
"KL156/3",1,0,0
"KL158",1,0,0
"KL160/1",1,0,0
"KL167",1,0,0
"KL169/4D",1,0,0
"KL171",1,0,0
"KL173",1,0,0
"KL174",1,0,0
"KL179",1,0,0
"KL181",1,0,0
"KL184",1,0,0
"KL185",1,0,0
"KL19",1,0,0
"KL2",1,0,0
"KL222",1,0,0
"KL223",1,0,0
"KL223/1",1,0,0
"KL224/1",1,0,0
"KL228/2D",1,0,0
"KL229/4",1,0,0
"KL230",1,0,0
"KL232",1,0,0
"KL237",1,0,0
"KL237/1",1,0,0
"KL238D",1,0,0
"KL239",1,0,0
"KL29",1,0,0
"KL313",1,0,0
"KL315",1,0,0
"KL316",1,0,0
"KL33",1,0,0
"KL35",1,0,0
"KL36",1,0,0
"KL38",1,0,0
"KL404/25",1,0,0
"KL41",1,0,0
"KL418",1,0,0
"KL420",1,0,0
"KL422",1,0,0
"KL425",1,0,0
"KL428",1,0,0
"KL430",1,0,0
"KL431",1,0,0
"KL431D",1,0,0
"KL437",1,0,0
"KL438",1,0,0
"KL445",1,0,0
"KL446",1,0,0
"KL454",1,0,0
"KL465",1,0,0
"KL473",1,0,0
"KL478",1,0,0
"KL490/1",1,0,0
"KL497",1,0,0
"KL554D",1,0,0
"KL559",1,0,0
"KL570",1,0,0
"KL571",1,0,0
"KL572",1,0,0
"KL573",1,0,0
"KL579D",1,0,0
"KL582",1,0,0
"KL583",1,0,0
"KL592",1,0,0
"KL596",1,0,0
"KL599",1,0,0
"KL60",1,0,0
"KL600",1,0,0
"KL61",1,0,0
"KL63",1,0,0
"KL633D",1,0,0
"KL635",1,0,0
"KL66",1,0,0
"KL705",1,0,0
"KL72",1,0,0
"KL740",1,0,0
"KL741",1,0,0
"KL747",1,0,0
"KL75",1,0,0
"KL761",1,0,0
"KL763D",1,0,0
"KL779",1,0,0
"KL781",1,0,0
"KL787",1,0,0
"KL788",1,0,0
"KL79",1,0,0
"KL79/3",1,0,0
"KL796",1,0,0
"KL82",1,0,0
"KL83",1,0,0
"KL87",1,0,0
"KL871",1,0,0
"KL874",1,0,0
"KL88",1,0,0
"KL9",1,0,0
"KL912",1,0,0
"KL947",1,0,0
"KL953",1,0,0
"KL97",1,0,0
"KL983D",1,0,0
"KL99",1,0,0
"KX178D",1,0,0
"KX182/1D",1,0,0
"KX191/1D",1,0,0
"KX192D",1,0,0
"KX201",1,0,0
"KX206D",1,0,0
"KX208D",1,0,0
"KX212",1,0,0
"KX218D",1,0,0
"KX220D",1,0,0
"KX228",1,0,0
"KX229",1,0,0
"KX23",1,0,0
"KX230",1,0,0
"KX24",1,0,0
"KX25",1,0,0
"KX265D",1,0,0
"KX268D",1,0,0
"KX331D",1,0,0
"KX332",1,0,0
"KX333",1,0,0
"KX338/22D",1,0,0
"KX338/26D",1,0,0
"KX340D",1,0,0
"KX341",1,0,0
"KX342",1,0,0
"KX35D",1,0,0
"KX363",1,0,0
"KX368",1,0,0
"KX36D",1,0,0
"KX387D",1,0,0
"KX398",1,0,0
"KX399D",1,0,0
"KX420D",1,0,0
"KX43",1,0,0
"KX435D",1,0,0
"KX437D",1,0,0
"KX44",1,0,0
"KX444D",1,0,0
"KX49",1,0,0
"KX490D",1,0,0
"KX494D",1,0,0
"KX541D",1,0,0
"KX542 KIT",1,0,0
"KX570D",1,0,0
"KX592",1,0,0
"KX63/1",1,0,0
"KX65D",1,0,0
"KX67/2D",1,0,0
"KX68D",1,0,0
"KX69",1,0,0
"KX72D1",1,0,0
"KX78D",1,0,0
"KX79D",1,0,0
"KX80/1D",1,0,0
"KX80D",1,0,0
"KX81D",1,0,0
"KX84D",1,0,0
"KX85D",1,0,0
"KX87D",1,0,0
"KX88/1D",1,0,0
"KX89/1D",1,0,0
"KX91",1,0,0
"KX92",1,0,0
"LA102",1,0,0
"LA1045",1,0,0
"LA1099/S",1,0,0
"LA11",1,0,0
"LA1123",1,0,0
"LA1126",1,0,0
"LA1153",1,0,0
"LA1156/S",1,0,0
"LA117",1,0,0
"LA1171",1,0,0
"LA1198",1,0,0
"LA120",1,0,0
"LA1252",1,0,0
"LA1255",1,0,0
"LA1257",1,0,0
"LA1258/S",1,0,0
"LA1263",1,0,0
"LA138",1,0,0
"LA1477",1,0,0
"LA1479",1,0,0
"LA148",1,0,0
"LA1547",1,0,0
"LA155",1,0,0
"LA157",1,0,0
"LA1573",1,0,0
"LA168/S",1,0,0
"LA169",1,0,0
"LA170",1,0,0
"LA171",1,0,0
"LA175",1,0,0
"LA180",1,0,0
"LA181",1,0,0
"LA182",1,0,0
"LA184",1,0,0
"LA189",1,0,0
"LA191/S",1,0,0
"LA198",1,0,0
"LA220",1,0,0
"LA230",1,0,0
"LA239",1,0,0
"LA239/S",1,0,0
"LA241",1,0,0
"LA248",1,0,0
"LA289",1,0,0
"LA298",1,0,0
"LA306",1,0,0
"LA307",1,0,0
"LA31",1,0,0
"LA343",1,0,0
"LA344",1,0,0
"LA358",1,0,0
"LA361",1,0,0
"LA395",1,0,0
"LA396",1,0,0
"LA408",1,0,0
"LA421",1,0,0
"LA422",1,0,0
"LA428/S",1,0,0
"LA43",1,0,0
"LA432",1,0,0
"LA439",1,0,0
"LA45",1,0,0
"LA457",1,0,0
"LA463",1,0,0
"LA472",1,0,0
"LA480",1,0,0
"LA495/S",1,0,0
"LA499",1,0,0
"LA502",1,0,0
"LA531",1,0,0
"LA569",1,0,0
"LA57",1,0,0
"LA591",1,0,0
"LA606",1,0,0
"LA607",1,0,0
"LA609",1,0,0
"LA612",1,0,0
"LA632",1,0,0
"LA633",1,0,0
"LA642",1,0,0
"LA646",1,0,0
"LA648",1,0,0
"LA649",1,0,0
"LA650",1,0,0
"LA651",1,0,0
"LA652/S",1,0,0
"LA653",1,0,0
"LA655",1,0,0
"LA656",1,0,0
"LA665",1,0,0
"LA677",1,0,0
"LA678",1,0,0
"LA74",1,0,0
"LA75",1,0,0
"LA77",1,0,0
"LA78",1,0,0
"LA8",1,0,0
"LA80",1,0,0
"LA811",1,0,0
"LA816/3",1,0,0
"LA820",1,0,0
"LA83",1,0,0
"LA833",1,0,0
"LA87",1,0,0
"LA875",1,0,0
"LA884",1,0,0
"LA889",1,0,0
"LA891",1,0,0
"LA903",1,0,0
"LA906",1,0,0
"LA909",1,0,0
"LA93",1,0,0
"LAK1123",1,0,0
"LAK1161",1,0,0
"LAK120",1,0,0
"LAK138",1,0,0
"LAK181",1,0,0
"LAK182",1,0,0
"LAK191/S",1,0,0
"LAK226",1,0,0
"LAK239",1,0,0
"LAK239/S",1,0,0
"LAK248",1,0,0
"LAK32/1",1,0,0
"LAK344",1,0,0
"LAK386",1,0,0
"LAK387",1,0,0
"LAK411",1,0,0
"LAK413",1,0,0
"LAK428/S",1,0,0
"LAK43",1,0,0
"LAK467/S",1,0,0
"LAK63",1,0,0
"LAK667",1,0,0
"LAK684",1,0,0
"LAK809",1,0,0
"LAK812",1,0,0
"LAK816",1,0,0
"LAK855",1,0,0
"LAK863",1,0,0
"LAK878/S",1,0,0
"LAK879",1,0,0
"LAK888",1,0,0
"LAK923",1,0,0
"LAK93",1,0,0
"LAO1294",1,0,0
"LAO182",1,0,0
"LAO239/S",1,0,0
"LAO31",1,0,0
"LAO45",1,0,0
"LAO93",1,0,0
"LAP1",1,0,0
"LC3",1,0,0
"LC4",1,0,0
"LX1",1,0,0
"LX1006/1D",1,0,0
"LX1009/6",1,0,0
"LX1019",1,0,0
"LX1020/1",1,0,0
"LX1035",1,0,0
"LX1044",1,0,0
"LX1045",1,0,0
"LX1048",1,0,0
"LX1049",1,0,0
"LX1055",1,0,0
"LX1056",1,0,0
"LX1057",1,0,0
"LX1062",1,0,0
"LX1063",1,0,0
"LX1064",1,0,0
"LX1065",1,0,0
"LX1068",1,0,0
"LX1069",1,0,0
"LX1070",1,0,0
"LX1072",1,0,0
"LX1077",1,0,0
"LX1092",1,0,0
"LX1093",1,0,0
"LX1094",1,0,0
"LX1095",1,0,0
"LX1096",1,0,0
"LX1097",1,0,0
"LX1098",1,0,0
"LX1100",1,0,0
"LX1101",1,0,0
"LX1102",1,0,0
"LX1140",1,0,0
"LX1142",1,0,0
"LX1143",1,0,0
"LX116",1,0,0
"LX1211",1,0,0
"LX1216",1,0,0
"LX1258",1,0,0
"LX1262",1,0,0
"LX1266",1,0,0
"LX1269",1,0,0
"LX1272",1,0,0
"LX1277",1,0,0
"LX1281",1,0,0
"LX1282",1,0,0
"LX1286",1,0,0
"LX1287",1,0,0
"LX1293",1,0,0
"LX13",1,0,0
"LX1312",1,0,0
"LX1313/1",1,0,0
"LX1314",1,0,0
"LX1315",1,0,0
"LX1316",1,0,0
"LX1451",1,0,0
"LX1452",1,0,0
"LX1460",1,0,0
"LX147",1,0,0
"LX1482",1,0,0
"LX1500",1,0,0
"LX1564",1,0,0
"LX1566",1,0,0
"LX1568",1,0,0
"LX157",1,0,0
"LX1586",1,0,0
"LX1587",1,0,0
"LX1591/9",1,0,0
"LX1593/2",1,0,0
"LX1596",1,0,0
"LX1597",1,0,0
"LX16",1,0,0
"LX160",1,0,0
"LX1605",1,0,0
"LX1631",1,0,0
"LX1640",1,0,0
"LX1645",1,0,0
"LX1650",1,0,0
"LX1651",1,0,0
"LX1655",1,0,0
"LX1656",1,0,0
"LX1661",1,0,0
"LX1662",1,0,0
"LX1673",1,0,0
"LX1684/5",1,0,0
"LX1685/5",1,0,0
"LX1686/1",1,0,0
"LX1687/1",1,0,0
"LX1689",1,0,0
"LX1692",1,0,0
"LX17",1,0,0
"LX1710",1,0,0
"LX1711",1,0,0
"LX1712",1,0,0
"LX1713",1,0,0
"LX1716",1,0,0
"LX1741",1,0,0
"LX1745",1,0,0
"LX1748",1,0,0
"LX1751",1,0,0
"LX1764",1,0,0
"LX1765",1,0,0
"LX1768",1,0,0
"LX1774",1,0,0
"LX1775",1,0,0
"LX1777",1,0,0
"LX1779",1,0,0
"LX1780/3",1,0,0
"LX1785",1,0,0
"LX1790",1,0,0
"LX1791",1,0,0
"LX1801",1,0,0
"LX1802",1,0,0
"LX1823/1",1,0,0
"LX1829",1,0,0
"LX1835",1,0,0
"LX1841/1",1,0,0
"LX1845",1,0,0
"LX1883",1,0,0
"LX1885",1,0,0
"LX1886",1,0,0
"LX1892",1,0,0
"LX1915",1,0,0
"LX1919",1,0,0
"LX1919/1",1,0,0
"LX1920",1,0,0
"LX1937",1,0,0
"LX1969",1,0,0
"LX1991",1,0,0
"LX1993",1,0,0
"LX1997",1,0,0
"LX1999",1,0,0
"LX200",1,0,0
"LX2023",1,0,0
"LX2024/1",1,0,0
"LX2033",1,0,0
"LX2036",1,0,0
"LX2046",1,0,0
"LX2049/4",1,0,0
"LX2059",1,0,0
"LX2061/1",1,0,0
"LX2068",1,0,0
"LX2074",1,0,0
"LX2077/3",1,0,0
"LX2077/4",1,0,0
"LX208/1",1,0,0
"LX2081",1,0,0
"LX2082/1",1,0,0
"LX2087",1,0,0
"LX2091D",1,0,0
"LX2093",1,0,0
"LX2097",1,0,0
"LX2098",1,0,0
"LX2109",1,0,0
"LX2124",1,0,0
"LX2125",1,0,0
"LX227",1,0,0
"LX236",1,0,0
"LX241",1,0,0
"LX243",1,0,0
"LX2525",1,0,0
"LX2528",1,0,0
"LX2530",1,0,0
"LX2531",1,0,0
"LX2532",1,0,0
"LX2533",1,0,0
"LX2534",1,0,0
"LX259",1,0,0
"LX2612",1,0,0
"LX2616",1,0,0
"LX2619",1,0,0
"LX2620",1,0,0
"LX2621",1,0,0
"LX2631",1,0,0
"LX2633",1,0,0
"LX2637",1,0,0
"LX2643",1,0,0
"LX2644",1,0,0
"LX2646",1,0,0
"LX265",1,0,0
"LX2689",1,0,0
"LX2693",1,0,0
"LX271/2",1,0,0
"LX272",1,0,0
"LX273",1,0,0
"LX2738",1,0,0
"LX2739",1,0,0
"LX275",1,0,0
"LX2787",1,0,0
"LX2792",1,0,0
"LX2796/1",1,0,0
"LX2808/1",1,0,0
"LX2813",1,0,0
"LX2830",1,0,0
"LX2831",1,0,0
"LX2832",1,0,0
"LX2834",1,0,0
"LX2839",1,0,0
"LX2841/7",1,0,0
"LX2846",1,0,0
"LX2848",1,0,0
"LX2849",1,0,0
"LX2851",1,0,0
"LX2852",1,0,0
"LX2853",1,0,0
"LX2854",1,0,0
"LX2867",1,0,0
"LX2876/1",1,0,0
"LX2880",1,0,0
"LX2881",1,0,0
"LX2882",1,0,0
"LX290",1,0,0
"LX2908",1,0,0
"LX2916",1,0,0
"LX2956",1,0,0
"LX2959",1,0,0
"LX296",1,0,0
"LX2965",1,0,0
"LX2974",1,0,0
"LX298",1,0,0
"LX2994",1,0,0
"LX2995",1,0,0
"LX3006",1,0,0
"LX3013",1,0,0
"LX3015/14",1,0,0
"LX3031",1,0,0
"LX307",1,0,0
"LX3106",1,0,0
"LX3107",1,0,0
"LX3108",1,0,0
"LX3109",1,0,0
"LX3110",1,0,0
"LX3111",1,0,0
"LX3115",1,0,0
"LX3116",1,0,0
"LX3140",1,0,0
"LX3141",1,0,0
"LX317",1,0,0
"LX3190",1,0,0
"LX3233/6",1,0,0
"LX3234",1,0,0
"LX329",1,0,0
"LX330",1,0,0
"LX3304",1,0,0
"LX3306",1,0,0
"LX332",1,0,0
"LX3320",1,0,0
"LX334",1,0,0
"LX335",1,0,0
"LX3354",1,0,0
"LX3355",1,0,0
"LX343",1,0,0
"LX3477",1,0,0
"LX3486",1,0,0
"LX3487",1,0,0
"LX3502",1,0,0
"LX3507/1",1,0,0
"LX3525",1,0,0
"LX3534",1,0,0
"LX3542",1,0,0
"LX3544",1,0,0
"LX3560",1,0,0
"LX3579",1,0,0
"LX3582",1,0,0
"LX3595",1,0,0
"LX3596",1,0,0
"LX3598",1,0,0
"LX3618",1,0,0
"LX3677",1,0,0
"LX3679",1,0,0
"LX3680",1,0,0
"LX3754",1,0,0
"LX3772",1,0,0
"LX3779",1,0,0
"LX3811",1,0,0
"LX384",1,0,0
"LX389",1,0,0
"LX390",1,0,0
"LX3955",1,0,0
"LX3986",1,0,0
"LX4036",1,0,0
"LX405",1,0,0
"LX4059",1,0,0
"LX4060",1,0,0
"LX4085",1,0,0
"LX4138",1,0,0
"LX414",1,0,0
"LX4146",1,0,0
"LX4162",1,0,0
"LX4163",1,0,0
"LX4164",1,0,0
"LX4165",1,0,0
"LX4166",1,0,0
"LX417",1,0,0
"LX418",1,0,0
"LX4205",1,0,0
"LX422",1,0,0
"LX4330",1,0,0
"LX435",1,0,0
"LX4354",1,0,0
"LX4356",1,0,0
"LX4357",1,0,0
"LX4358",1,0,0
"LX4365",1,0,0
"LX4366",1,0,0
"LX4368",1,0,0
"LX4369",1,0,0
"LX4370",1,0,0
"LX4372",1,0,0
"LX439/1",1,0,0
"LX4398/1",1,0,0
"LX4404",1,0,0
"LX4423",1,0,0
"LX448",1,0,0
"LX4492",1,0,0
"LX450",1,0,0
"LX452",1,0,0
"LX453",1,0,0
"LX454",1,0,0
"LX4547",1,0,0
"LX4558",1,0,0
"LX4561",1,0,0
"LX4619",1,0,0
"LX467/1",1,0,0
"LX475",1,0,0
"LX4763",1,0,0
"LX478/1",1,0,0
"LX486",1,0,0
"LX488",1,0,0
"LX4894",1,0,0
"LX492",1,0,0
"LX495",1,0,0
"LX496",1,0,0
"LX509",1,0,0
"LX513",1,0,0
"LX519",1,0,0
"LX5208",1,0,0
"LX521",1,0,0
"LX522",1,0,0
"LX523",1,0,0
"LX524",1,0,0
"LX531",1,0,0
"LX537",1,0,0
"LX54",1,0,0
"LX55",1,0,0
"LX562",1,0,0
"LX567",1,0,0
"LX572",1,0,0
"LX577",1,0,0
"LX578",1,0,0
"LX582/1",1,0,0
"LX589",1,0,0
"LX593/1",1,0,0
"LX604/1",1,0,0
"LX610",1,0,0
"LX611",1,0,0
"LX614",1,0,0
"LX618",1,0,0
"LX622",1,0,0
"LX624",1,0,0
"LX626",1,0,0
"LX632",1,0,0
"LX642",1,0,0
"LX643",1,0,0
"LX645/1",1,0,0
"LX646",1,0,0
"LX66",1,0,0
"LX673",1,0,0
"LX684",1,0,0
"LX687",1,0,0
"LX689",1,0,0
"LX694",1,0,0
"LX704/1",1,0,0
"LX709",1,0,0
"LX712",1,0,0
"LX713",1,0,0
"LX714",1,0,0
"LX718",1,0,0
"LX719",1,0,0
"LX735",1,0,0
"LX742",1,0,0
"LX742/2",1,0,0
"LX744",1,0,0
"LX75",1,0,0
"LX752",1,0,0
"LX759",1,0,0
"LX760",1,0,0
"LX773",1,0,0
"LX774",1,0,0
"LX776/1",1,0,0
"LX788",1,0,0
"LX790",1,0,0
"LX792",1,0,0
"LX793",1,0,0
"LX794",1,0,0
"LX803",1,0,0
"LX804/S",1,0,0
"LX81",1,0,0
"LX811",1,0,0
"LX814/1",1,0,0
"LX818",1,0,0
"LX819",1,0,0
"LX820",1,0,0
"LX821",1,0,0
"LX823",1,0,0
"LX824",1,0,0
"LX832/1",1,0,0
"LX852",1,0,0
"LX862",1,0,0
"LX874",1,0,0
"LX876",1,0,0
"LX886",1,0,0
"LX906",1,0,0
"LX907",1,0,0
"LX908",1,0,0
"LX909",1,0,0
"LX910",1,0,0
"LX912",1,0,0
"LX925/1",1,0,0
"LX93",1,0,0
"LX935",1,0,0
"LX935/2",1,0,0
"LX957",1,0,0
"LX957/2",1,0,0
"LX960",1,0,0
"LX962",1,0,0
"LX966",1,0,0
"LX969",1,0,0
"LX970",1,0,0
"LX971",1,0,0
"LX972",1,0,0
"LX973",1,0,0
"LX974",1,0,0
"LX975",1,0,0
"LX977",1,0,0
"LX978",1,0,0
"LX982",1,0,0
"LX984/2",1,0,0
"LX984/5",1,0,0
"LX989",1,0,0
"LX993",1,0,0
"LX997",1,0,0
"LX998",1,0,0
"LX999",1,0,0
"LXS219",1,0,0
"LXS223",1,0,0
"LXS224",1,0,0
"LXS225",1,0,0
"LXS226",1,0,0
"LXS227",1,0,0
"LXS229",1,0,0
"LXS230",1,0,0
"LXS231",1,0,0
"LXS251",1,0,0
"LXS256",1,0,0
"LXS259",1,0,0
"LXS260",1,0,0
"LXS261",1,0,0
"LXS262",1,0,0
"LXS263",1,0,0
"LXS282",1,0,0
"LXS286",1,0,0
"LXS287",1,0,0
"LXS288",1,0,0
"LXS292",1,0,0
"LXS295",1,0,0
"LXS296",1,0,0
"LXS305",1,0,0
"LXS312",1,0,0
"LXS319",1,0,0
"LXS362",1,0,0
"LXS37/1",1,0,0
"LXS372",1,0,0
"LXS40/1",1,0,0
"LXS41/1",1,0,0
"LXS42/1",1,0,0
"LXS43/1",1,0,0
"LXS44/1",1,0,0
"LXS5/1",1,0,0
"LXS7229",1,0,0
"LXS7233",1,0,0
"OC100",1,0,0
"OC1009",1,0,0
"OC1018",1,0,0
"OC1019",1,0,0
"OC1021",1,0,0
"OC1055",1,0,0
"OC1062",1,0,0
"OC1063",1,0,0
"OC11",1,0,0
"OC1123",1,0,0
"OC114",1,0,0
"OC1141",1,0,0
"OC1176",1,0,0
"OC1198",1,0,0
"OC121",1,0,0
"OC1224",1,0,0
"OC1252",1,0,0
"OC1253",1,0,0
"OC1254",1,0,0
"OC1297",1,0,0
"OC133",1,0,0
"OC137/1",1,0,0
"OC140",1,0,0
"OC1421",1,0,0
"OC1566",1,0,0
"OC1608",1,0,0
"OC175",1,0,0
"OC18",1,0,0
"OC194",1,0,0
"OC195",1,0,0
"OC196",1,0,0
"OC199",1,0,0
"OC202",1,0,0
"OC203",1,0,0
"OC204",1,0,0
"OC205",1,0,0
"OC206",1,0,0
"OC21",1,0,0
"OC215",1,0,0
"OC217/6",1,0,0
"OC232",1,0,0
"OC235",1,0,0
"OC236",1,0,0
"OC237/1",1,0,0
"OC246",1,0,0
"OC248",1,0,0
"OC250",1,0,0
"OC259",1,0,0
"OC26",1,0,0
"OC261",1,0,0
"OC264",1,0,0
"OC265",1,0,0
"OC266",1,0,0
"OC267",1,0,0
"OC272",1,0,0
"OC273",1,0,0
"OC274",1,0,0
"OC275",1,0,0
"OC282",1,0,0
"OC288",1,0,0
"OC294",1,0,0
"OC30",1,0,0
"OC302",1,0,0
"OC303",1,0,0
"OC304",1,0,0
"OC306",1,0,0
"OC308",1,0,0
"OC309",1,0,0
"OC312",1,0,0
"OC317",1,0,0
"OC319",1,0,0
"OC320",1,0,0
"OC324",1,0,0
"OC326",1,0,0
"OC33",1,0,0
"OC333",1,0,0
"OC334",1,0,0
"OC335",1,0,0
"OC35",1,0,0
"OC370",1,0,0
"OC38",1,0,0
"OC40",1,0,0
"OC403",1,0,0
"OC404",1,0,0
"OC41",1,0,0
"OC42",1,0,0
"OC42/1",1,0,0
"OC456",1,0,0
"OC458",1,0,0
"OC466",1,0,0
"OC47",1,0,0
"OC474",1,0,0
"OC475",1,0,0
"OC484",1,0,0
"OC485",1,0,0
"OC5",1,0,0
"OC501",1,0,0
"OC502",1,0,0
"OC507",1,0,0
"OC522",1,0,0
"OC529",1,0,0
"OC530",1,0,0
"OC531",1,0,0
"OC532",1,0,0
"OC534",1,0,0
"OC535",1,0,0
"OC570",1,0,0
"OC574",1,0,0
"OC575",1,0,0
"OC59",1,0,0
"OC593/3",1,0,0
"OC593/4",1,0,0
"OC60",1,0,0
"OC606",1,0,0
"OC613",1,0,0
"OC614",1,0,0
"OC619",1,0,0
"OC66",1,0,0
"OC67",1,0,0
"OC704/1",1,0,0
"OC731",1,0,0
"OC74",1,0,0
"OC81",1,0,0
"OC83",1,0,0
"OC90",1,0,0
"OC91D",1,0,0
"OC976",1,0,0
"OC977/1",1,0,0
"OC978",1,0,0
"OC983",1,0,0
"OC984",1,0,0
"OC985",1,0,0
"OC988",1,0,0
"OC99",1,0,0
"OC992",1,0,0
"OC993",1,0,0
"OX1011D",1,0,0
"OX1012D",1,0,0
"OX1016D",1,0,0
"OX1023D",1,0,0
"OX1044D",1,0,0
"OX1052D",1,0,0
"OX1075D",1,0,0
"OX1076D",1,0,0
"OX1092",1,0,0
"OX1093",1,0,0
"OX1127D",1,0,0
"OX1146D",1,0,0
"OX115",1,0,0
"OX1152D",1,0,0
"OX1161D",1,0,0
"OX1162D",1,0,0
"OX1169D",1,0,0
"OX1184D",1,0,0
"OX119",1,0,0
"OX1217D",1,0,0
"OX123/1D",1,0,0
"OX126D",1,0,0
"OX127/1D",1,0,0
"OX128/1D",1,0,0
"OX133D",1,0,0
"OX135/1D",1,0,0
"OX137D",1,0,0
"OX143D",1,0,0
"OX149D",1,0,0
"OX150D",1,0,0
"OX151D",1,0,0
"OX153/7D",1,0,0
"OX153/7D2",1,0,0
"OX153/D2",1,0,0
"OX153D1",1,0,0
"OX153D3",1,0,0
"OX154/1D",1,0,0
"OX155D",1,0,0
"OX156D",1,0,0
"OX160D",1,0,0
"OX161D",1,0,0
"OX163/4D",1,0,0
"OX164D",1,0,0
"OX166/1D",1,0,0
"OX168D",1,0,0
"OX169/1D",1,0,0
"OX171/2D",1,0,0
"OX174D",1,0,0
"OX175D",1,0,0
"OX177/3D",1,0,0
"OX183/5D",1,0,0
"OX183/5D1",1,0,0
"OX188D",1,0,0
"OX18D",1,0,0
"OX193D",1,0,0
"OX196/1",1,0,0
"OX196/3D",1,0,0
"OX197D",1,0,0
"OX198D",1,0,0
"OX199D",1,0,0
"OX200D",1,0,0
"OX201",1,0,0
"OX203",1,0,0
"OX209D",1,0,0
"OX210D",1,0,0
"OX214D",1,0,0
"OX216D",1,0,0
"OX217D",1,0,0
"OX218D",1,0,0
"OX219D",1,0,0
"OX254D2",1,0,0
"OX254D4",1,0,0
"OX258D",1,0,0
"OX30D",1,0,0
"OX339/2D",1,0,0
"OX341",1,0,0
"OX348D",1,0,0
"OX350/4D",1,0,0
"OX351D",1,0,0
"OX353/7D",1,0,0
"OX355/3",1,0,0
"OX355/3D",1,0,0
"OX358D",1,0,0
"OX361/4D",1,0,0
"OX367D",1,0,0
"OX368D1",1,0,0
"OX370D",1,0,0
"OX371D",1,0,0
"OX377",1,0,0
"OX377D",1,0,0
"OX378D",1,0,0
"OX379D",1,0,0
"OX380D",1,0,0
"OX381D",1,0,0
"OX382D",1,0,0
"OX387D",1,0,0
"OX387D1",1,0,0
"OX388D",1,0,0
"OX389/1D",1,0,0
"OX38D",1,0,0
"OX3D",1,0,0
"OX401D",1,0,0
"OX404D",1,0,0
"OX407",1,0,0
"OX408",1,0,0
"OX409",1,0,0
"OX410D",1,0,0
"OX411",1,0,0
"OX416D1",1,0,0
"OX418",1,0,0
"OX420D",1,0,0
"OX426",1,0,0
"OX439D",1,0,0
"OX441D",1,0,0
"OX47D",1,0,0
"OX51",1,0,0
"OX553D",1,0,0
"OX556D",1,0,0
"OX562D",1,0,0
"OX5D",1,0,0
"OX61D",1,0,0
"OX636D",1,0,0
"OX68D",1,0,0
"OX69D",1,0,0
"OX71D",1,0,0
"OX75D",1,0,0
"OX779D",1,0,0
"OX784D",1,0,0
"OX785D",1,0,0
"OX78D",1,0,0
"OX78D1",1,0,0
"OX791",1,0,0
"OX793",1,0,0
"OX798",1,0,0
"OX801",1,0,0
"OX803",1,0,0
"OX805",1,0,0
"OX806D",1,0,0
"OX807",1,0,0
"OX810",1,0,0
"OX813/1D",1,0,0
"OX813/2D",1,0,0
"OX814D",1,0,0
"OX815/1D",1,0,0
"OX815D",1,0,0
"OX825D",1,0,0
"OX834D",1,0,0
"OX835D",1,0,0
"OX85D",1,0,0
"OX968D",1,0,0
"OX96D",1,0,0
"OX980D3",1,0,0
"OX982D",1,0,0
"OX983D",1,0,0
"OX98D",1,0,0
"UX11 KIT",1,0,0
"UX1D",1,0,0
"UX2D",1,0,0
"UX3 KIT",1,0,0
"WFC1",1,0,0
"WFC17",1,0,0
"WFC2",1,0,0
"WFC21",1,0,0
"WFC26",1,0,0
"WFC3",1,0,0
"WFC4",1,0,0
"101",2,1,0
"102",2,1,0
"103",2,1,0
"104",2,1,0
"105",2,1,0
"106",2,1,0
"107",2,1,0
"108",2,1,0
"109",2,1,0
"110",2,1,0
"111",2,1,0
"112",2,1,0
"150",2,1,0
"201",2,1,0
"202",2,1,0
"203",2,1,0
"204",2,1,0
"205",2,1,0
"206",2,1,0
"207",2,1,0
"208",2,1,0
"209",2,1,0
"211",2,1,0
"212",2,1,0
"301",2,1,0
"302",2,1,0
"303",2,1,0
"311",2,1,0
"312",2,1,0
"313",2,1,0
"304",2,1,0
"305",2,1,0
"306",2,1,0
"307",2,1,0
"308",2,1,0
"A309",2,1,0
"310",2,1,0
"350",2,1,0
"401",2,1,0
"402",2,1,0
"403",2,1,0
"404",2,1,0
"450",2,1,0
"451",2,1,0
"501",2,1,0
"505",2,1,0
"550",2,1,0
"560",2,1,0
"570",2,1,0
"601",2,1,0
"602",2,1,0
"603",2,1,0
"604",2,1,0
"605",2,1,0
"606",2,1,0
"607",2,1,0
"608",2,1,0
"609",2,1,0
"610",2,1,0
"611",2,1,0
"650",2,1,0
"651",2,1,0
"652",2,1,0
"653",2,1,0
"654",2,1,0
"680",2,1,0
"681",2,1,0
"682",2,1,0
"BL-20",2,1,0
"701",2,1,0
"702",2,1,0
"703",2,1,0
"704",2,1,0
"P-01",2,1,0
"P-02",2,1,0
"A801",2,1,0
"A803",2,1,0
"A805",2,1,0
"A807-18",2,1,0
"A809",2,1,0
"A811",2,1,0
"A813",2,1,0
"A815",2,1,0
"A840",2,1,0
"A817",2,1,0
"A821",2,1,0
"819",2,1,0
"820",2,1,0
"827",2,1,0
"828",2,1,0
"A823",2,1,0
"A825",2,1,0
"A826",2,1,0
"A900",2,1,0
"A829",2,1,0
"A830",2,1,0
"A836",2,1,0
"A837",2,1,0
"A838",2,1,0
"A850",2,1,0
"A851",2,1,0
"A852",2,1,0
"A853",2,1,0
"=ROW(A1)",2,2,0
"=ROW(A2)",2,2,0
"=ROW(A3)",2,2,0
"=ROW(A4)",2,2,0
"=ROW(A5)",2,2,0
"=ROW(A6)",2,2,0
"=ROW(A7)",2,2,0
"=ROW(A8)",2,2,0
"=ROW(A9)",2,2,0
"=ROW(A10)",2,2,0
"=ROW(A11)",2,2,0
"=ROW(A12)",2,2,0
"=ROW(A13)",2,2,0
"=ROW(A14)",2,2,0
"=ROW(A15)",2,2,0
"=ROW(A16)",2,2,0
"=ROW(A17)",2,2,0
"=ROW(A18)",2,2,0
"=ROW(A19)",2,2,0
"=ROW(A20)",2,2,0
"=ROW(A21)",2,2,0
"=ROW(A22)",2,2,0
"=ROW(A23)",2,2,0
"=ROW(A24)",2,2,0
"=ROW(A25)",2,2,0
"=ROW(A26)",2,2,0
"=ROW(A27)",2,2,0
"=ROW(A28)",2,2,0
"=ROW(A29)",2,2,0
"=ROW(A30)",2,2,0
"=ROW(A31)",2,2,0
"=ROW(A32)",2,2,0
"=ROW(A33)",2,2,0
"=ROW(A34)",2,2,0
"=ROW(A35)",2,2,0
"=ROW(A36)",2,2,0
"=ROW(A37)",2,2,0
"=ROW(A38)",2,2,0
"=ROW(A39)",2,2,0
"=ROW(A40)",2,2,0
"=ROW(A41)",2,2,0
"=ROW(A42)",2,2,0
"=ROW(A43)",2,2,0
"=ROW(A44)",2,2,0
"=ROW(A45)",2,2,0
"=ROW(A46)",2,2,0
"=ROW(A47)",2,2,0
"=ROW(A48)",2,2,0
"=ROW(A49)",2,2,0
"=ROW(A50)",2,2,0
"=ROW(A51)",2,2,0
"=ROW(A52)",2,2,0
"=ROW(A53)",2,2,0
"=ROW(A54)",2,2,0
"=ROW(A55)",2,2,0
"=ROW(A56)",2,2,0
"=ROW(A57)",2,2,0
"=ROW(A58)",2,2,0
"=ROW(A59)",2,2,0
"=ROW(A60)",2,2,0
"=ROW(A61)",2,2,0
"=ROW(A62)",2,2,0
"=ROW(A63)",2,2,0
"=ROW(A64)",2,2,0
"=ROW(A65)",2,2,0
"=ROW(A66)",2,2,0
"=ROW(A67)",2,2,0
"=ROW(A68)",2,2,0
"=ROW(A69)",2,2,0
"=ROW(A70)",2,2,0
"=ROW(A71)",2,2,0
"=ROW(A72)",2,2,0
"=ROW(A73)",2,2,0
"=ROW(A74)",2,2,0
"=ROW(A75)",2,2,0
"=ROW(A76)",2,2,0
"=ROW(A77)",2,2,0
"=ROW(A78)",2,2,0
"=ROW(A79)",2,2,0
"=ROW(A80)",2,2,0
"=ROW(A81)",2,2,0
"SER01",2,0,0
"CX-28",3,3,0
"BX-28",3,3,0
"SX-28",3,3,0
"SEX-28",3,3,0
"TX-28",3,3,0
"BAX-28",3,3,0
"SIX-28",3,3,0
"SIEX-28",3,3,0
"COX-28",3,3,0
"PX-28",3,3,0
"COMX-28",3,3,0
"RECX-28",3,3,0
"=ROW(A1000)",2,4,0
"=ROW(A1001)",2,4,0
"=ROW(A1002)",2,4,0
"=ROW(A1003)",2,4,0
"=ROW(A1004)",2,4,0
"=ROW(A1005)",2,4,0
"=ROW(A1006)",2,4,0
"=ROW(A1007)",2,4,0
"=ROW(A1008)",2,4,0
"=ROW(A1009)",2,4,0
"=ROW(A1010)",2,4,0
"=ROW(A1011)",2,4,0
"=ROW(A1012)",2,4,0
"=ROW(A1013)",2,4,0
"=ROW(A1014)",2,4,0
"=ROW(A1015)",2,4,0
"=ROW(A1016)",2,4,0
"=ROW(A1017)",2,4,0
"=ROW(A1018)",2,4,0
"=ROW(A1019)",2,4,0
"=ROW(A1020)",2,4,0
"=ROW(A1021)",2,4,0
"=ROW(A1022)",2,4,0
"=ROW(A1023)",2,4,0
"=ROW(A1024)",2,4,0
"=ROW(A1025)",2,4,0
"=ROW(A1026)",2,4,0
"=ROW(A1027)",2,4,0
"=ROW(A1028)",2,4,0
"=ROW(A1029)",2,4,0
"=ROW(A1030)",2,4,0
"=ROW(A1031)",2,4,0
"=ROW(A1032)",2,4,0
"=ROW(A1033)",2,4,0
"=ROW(A1034)",2,4,0
"=ROW(A1035)",2,4,0
"=ROW(A1036)",2,4,0
"=ROW(A1037)",2,4,0
"=ROW(A1038)",2,4,0
"=ROW(A1039)",2,4,0
"=ROW(A1040)",2,4,0
"=ROW(A1041)",2,4,0
"=ROW(A1042)",2,4,0
"=ROW(A1043)",2,4,0
"=ROW(A1044)",2,4,0
"=ROW(A1045)",2,4,0
"=ROW(A1046)",2,4,0
"=ROW(A1047)",2,4,0
"=ROW(A1048)",2,4,0
"=ROW(A1049)",2,4,0
"=ROW(A1050)",2,4,0
"=ROW(A1051)",2,4,0
"=ROW(A1052)",2,4,0
"=ROW(A1053)",2,4,0
"=ROW(A1054)",2,4,0
"=ROW(A1055)",2,4,0
"=ROW(A1056)",2,4,0
"=ROW(A1057)",2,4,0
"=ROW(A1058)",2,4,0
"=ROW(A1059)",2,4,0
"=ROW(A1060)",2,4,0
"=ROW(A1061)",2,4,0
"=ROW(A1062)",2,4,0
"=ROW(A1063)",2,4,0
"=ROW(A1064)",2,4,0
"=ROW(A1065)",2,4,0
"=ROW(A1066)",2,4,0
"=ROW(A1067)",2,4,0
"=ROW(A1068)",2,4,0
"=ROW(A1069)",2,4,0
"=ROW(A1070)",2,4,0
"=ROW(A1071)",2,4,0
"=ROW(A1072)",2,4,0
"=ROW(A1073)",2,4,0
"=ROW(A1074)",2,4,0
"=ROW(A1075)",2,4,0
"=ROW(A1076)",2,4,0
"=ROW(A1077)",2,4,0
"=ROW(A1078)",2,4,0
"=ROW(A1079)",2,4,0
"=ROW(A1080)",2,4,0
"=ROW(A1081)",2,4,0
"=ROW(A1082)",2,4,0
"=ROW(A1083)",2,4,0
"=ROW(A1084)",2,4,0
"=ROW(A1085)",2,4,0
"=ROW(A1086)",2,4,0
"=ROW(A1087)",2,4,0
"=ROW(A1088)",2,4,0
"=ROW(A1089)",2,4,0
"=ROW(A1090)",2,4,0
"=ROW(A1091)",2,4,0
"=ROW(A1092)",2,4,0
"=ROW(A1093)",2,4,0
"=ROW(A1094)",2,4,0
"=ROW(A1095)",2,4,0
"=ROW(A1096)",2,4,0
"=ROW(A1097)",2,4,0
"JL65",4,5,0
"JL75",4,5,0
"JL110",4,5,0
"JL180",4,5,0
"SA45",4,6,0
"SA45A",4,6,0
"SA50",4,6,0
"SA65",4,6,0
"SA70",4,6,0
"SA75",4,6,0
"SA80",4,6,0
"SA90",4,6,0
"SA110",4,6,0
"SA170",4,6,0
"SA180",4,6,0
"EU60",4,7,0
"EU65",4,7,0
"EU75",4,7,0
"EU100",4,7,0
"C40",2,4,0
"S1",2,4,0
"TA",2,4,0
"S15",2,4,0
"V20",2,4,0
"S25",2,4,0
"AM",2,4,0
"H68",2,4,0
"2T",2,4,0
"ATF",2,4,0
"Z90",2,4,0
"Z140",2,4,0
"Z80",2,4,0
"Z85",2,4,0
"SAE",2,4,0
"AGU",2,8,0
"REF",2,8,0
"SH53",2,9,0
"SH51",2,9,0
"SH5",2,9,0
"SH10",2,9,0
"AX3",2,9,0
"AX5",2,9,0
"WAG200",2,10,0
"WAG500",2,10,0
"WAG1",2,10,0
"1098",2,4,0
"1099",2,4,0
"1100",2,4,0
"1101",2,4,0
"1102",2,4,0
"1103",2,4,0
"1104",2,4,0
"1105",2,4,0
"1106",2,4,0
"1107",2,4,0
"1108",2,4,0
"1109",2,4,0
"1110",2,4,0
"1111",2,4,0
"1112",2,4,0
"1113",2,4,0
"1114",2,4,0
"1115",2,4,0
"1116",2,4,0
"1117",2,4,0
"1118",2,4,0
"1119",2,4,0
"1120",2,4,0
"1121",2,4,0
"1122",2,4,0
"1123",2,4,0
"1124",2,4,0
"1125",2,4,0
"1126",2,4,0
"1127",2,4,0
"P5201",1,11,0
"J3701R",1,11,0
"P5084",1,11,0
"MANX-28",3,3,0
"X-28",3,3,0
"CAMX-28",3,3,0
"MOX-28",3,3,0
"PIX-28",3,3,0
"CAX-28",3,3,0
"MODX-28",3,3,0
"SWX-28",3,3,0
"J3548 R",1,11,0
"J3567 R",1,11,0
"ENGRASE",2,4,0
"SERX-28",3,3,0
"2T",2,4,0
"TR 13",1,12,0
"TR 14",1,12,0
"TR 15",1,12,0
"TR 16",1,12,0
"TR 17",1,12,0
"TR 18",1,12,0
"TR 19",1,12,0
"TR 20",1,12,0
"TR 21",1,12,0
"TR 22",1,12,0
"TR 24",1,12,0
"VAR200",2,13,0
"VAR500",2,13,0
"SE45",4,14,0
"SE45A",4,14,0
"SE45C",4,14,0
"SE50",4,14,0
"SE65",4,14,0
"SE65S",4,14,0
"SE75",4,14,0
"SE75S",4,14,0
"SE80",4,14,0
"SE90T",4,14,0
"SE90A",4,14,0
"SE110",4,14,0
"SE180",4,14,0
"12N24-3",4,6,0
"TRAX-28",3,3,0
"BALX-28",3,3,0
"UPSX-28",3,3,0
"CONX-28",3,3,0
"ACT",2,2,0
"PANX-28",3,3,0
"FRX-28",3,3,0
"RECX-28",3,3,0
"SWX-28",3,3,0
"FUX-28",3,3,0
"MOTX-28",3,3,0
"MOTOX-28",3,3,0
"BARRX-28",3,3,0
"DVRX-28",3,3,0
"DISX-28",3,3,0
"CAMAX-28",3,3,0
"CAMARAS",3,3,0
"MTOX-28",3,3,0
"TRAX-28",3,3,0
"TRAFX-28",3,3,0
"TRAFOX-28",3,3,0
"TRAFO",3,3,0
"CABX-28",3,3,0
"TAMB",2,4,0
"ZEUS140",2,4,0
"PULX-28",3,3,0
"CARGA",4,8,0
"DVR8X-28",3,3,0
"DIS1X-28",3,3,0
"GABX-28",3,3,0
"2 CR",2,15,0
"2 CR PRO",2,15,0
"H4",2,16,0
"CAMHDX-28",3,3,0
"CAM2MPX-28",3,3,0
"PROX-28",3,3,0
"EXTX-28",3,3,0
"W5W",1,16,0
"TRANS",3,3,0
"USUX28",3,3,0
"BARRX-28",3,3,0
"BARRAX-28",3,3,0
"RESX-28",3,3,0
"BATX-28",3,3,0
"TECX-28",3,3,0
"PLACX-28",3,3,0
"MOTORCG",3,17,0
"MOTORST",3,18,0
"REFSHELL",2,9,0
"DISC",3,3,0
"MOTOR",3,3,0
"MOTOR",3,3,0
"DONALDSON",1,19,0
"HASTING",1,11,0
"HASTING",1,11,0
"HASTING",1,11,0
"AJUSTES",2,2,0
"CEM638",2,4,0
"TOY2008",2,4,0
"TOY2011",2,4,0
"TOY2014",1,11,0
"F-1831",1,20,0
"F619",1,20,0
"DESCUENTO",2,4,0
"DISC4TERA",3,3,0
"CAÃX-28",3,3,0
"H7",1,16,0
"J3238",1,11,0
"P11047",1,21,0
"J3532PA",1,11,0
"SEMX-28",3,3,0
"TARJX-28",3,3,0
"SWITCH",3,3,0
"SWITCH 5",3,3,0
"REPX-28",3,3,0
"CONFIGURACION X-28",3,3,0
"LED X-28",3,3,0
"SA90B",4,6,0
"DVR 4 CANALES",3,3,0
"RELX-28",3,3,0
"REVX-28",3,3,0
"asisx28",3,3,0
"AJUSTE",3,3,0
"FRX-28",3,3,0
"PANX-28",3,3,0
"POEX-28",3,3,0
"CAMIPX-28",3,3,0
"PANTACX-28",3,3,0
"CURA",2,4,0
"DVR8",3,3,0
"CAMHIK",3,3,0
"FICX-28",3,3,0
"FICHAX-28",3,3,0
"CAJAX-28",3,3,0
"PAN SOLAR 440",3,3,0
"DIF DVR",3,3,0
"BOMBA TBST 40/320",3,3,0
"PAN SOLAR 340W",3,3,0
"BOM TBSC 50/500",3,3,0
"INV 3KW 24CC",3,3,0
"INV 5KW 48CC",3,3,0
"BAT 120 GEL",3,3,0
"CAÃO TUBOS NEGRO 2 P",3,3,0
"NYLON REFORZADO 3 MM",3,3,0
"ESTABILIZADOR",3,3,0
"DIF PAN SOLAR",3,3,0
"AGUA",2,8,0
"SER45",4,22,0
"SER55",4,22,0
"SER65",4,22,0
"SER70",4,22,0
"SER75",4,22,0
"SER80",4,22,0
"SER90",4,22,0
"SER110",4,22,0
"SER180",4,22,0
"CONTROLS/CARGO",3,3,0
"SENSORESINC",3,3,0
"BATDESUSO",4,14,0
"DOLAR NACION",3,3,0
"SEN X28 INALAMBRICO",3,3,0
"SENSOR DIGITAL INFRA",3,3,0
"CAM ROSTRO",3,3,0
"REGULADOR 12 VOLT",3,3,0
"J3550",1,11,0
"WEGA",1,23,0
"HASTING",1,11,0
"DIF PAN 440",3,3,0
"SMM",3,3,0
"ANT ALAR",3,3,0
"CONTROL ACC",3,3,0
"FUET EST",3,3,0
"PORT VID",3,3,0
"PORTERO",3,3,0
"CERR INTE",3,3,0
"VISX-28",3,3,0
"CONT ACCE",3,3,0
"DIS 4",3,3,0
"MOU INA",3,3,0
"H7",2,16,0
"MOLYK",2,24,0
"CAM-HCOLOR",3,3,0
"comodato x28",3,3,0
"REJA",3,3,0
"IMAN",3,3,0
"21W",2,16,0
"FUSI",2,16,0
"FUSI",2,16,0
"CAB-UTP P",3,3,0
"CAB-UTP C",3,3,0
"CABL-COR",3,3,0
"CAB-UNI",3,3,0
"REF20",2,8,0
"INV-ARED 15",3,3,0
"PANT -450",3,8,0
"PANT-450",3,3,0
"CAB-SUB 6",3,3,0
"MED978",3,3,0
"DOLOF",3,3,0
"MODW",3,3,0
"MED381",3,3,0
"ANG-HIERR",3,8,0
"TAB-MA",3,3,0
"LLA-WIFI",3,3,0
"M-UPS",3,3,0
"MON-X28",3,8,0
"TOR-MN",3,3,0
"TOR-TOR",3,3,0
"CER-INT",3,3,0
"CONT-HIT",3,3,0
"iman -sensor",3,3,0
"BORNES",4,22,0
"PER -10",3,3,0
"CAÃ-6",3,3,0
"CUR-11/4",3,3,0
"CUP-1 1/4",3,3,0
"CAÃ-NE",3,3,0
"BARRERAS",3,3,0
"CAM-X28",3,3,0
"BOM-SUM",5,3,0
"MANN",1,21,0
"FRAM",1,21,0
"VOLTA 50",4,25,0
"inv-2000",3,3,0
"BAT-GEL",3,3,0
"DEV-MMER",3,3,0
"P21/5W 24V",2,16,0
"SER110B",4,22,0
"DVR-QUE",3,3,0
"DIS-QUE",3,3,0
"DOM- EX",3,3,0
"TAR-MEN",3,3,0
"UTP -MAN",3,3,0
"SEN-INA",3,3,0
"SEN-INA",3,3,0
"LLAM-BARR",3,3,0
"SIR-BARRA",3,3,0
"PAN-SOL",3,3,0
"HDMI-X28",3,3,0
"MOS-X28",3,3,0
"CAM-X28",3,3,0
"DVR-8 5",3,3,0
"DIF-CAM",3,3,0
"PLACX-STF",3,3,0
"PLAC-POR",3,3,0
"PLAC-MOTOR",3,3,0
"COL-EDI",3,3,0
"H2225",1,11,0
"SOP-X28",3,3,0
"PLA-X28",3,3,0
"SEN -X28",3,3,0
"LLAM-X28",3,3,0
"CAP-X28",3,3,0
"12N6.5/3B",4,22,0
"BOM-SUM",3,3,0
"CHIP-SER",3,3,0
"INV-SOL",3,3,0
"LX5730",1,20,0
"BATMOTO",4,22,0
"REV-ALAR",3,3,0
"PUL-INC",3,3,0
"LIM-CAM",3,3,0
"BOM-SOL",3,3,0
"TUB-CUA",3,3,0
"CAB-2.5",3,3,0
"CAB-TPR",3,3,0
"EST-CU",3,3,0
"SEN-COM",3,3,0
"BAT-SOL",3,3,0
"BAT-SOL",3,3,0
"JFO-592",1,23,0
"JFA-0990",1,23,0
"AKX 1984",1,23,0
"DB0712",1,23,0
"iILUM-SOL",3,3,0
"SOLAR-ILUMI 120",3,3,0
"SOL-ILUM 200",3,3,0
"SOL-ILIM 500",3,3,0
"MOT-PIV",3,3,0
"MOT-AE",3,3,0
"MOT-CRRED",3,3,0
"PRE -NEG",3,3,0
"ZAP-ELEC",3,3,0
"GOL-ALAM",3,3,0
"EST-ALAR",3,3,0
"CON-SISTE",3,3,0
"BALUN -ALAR",3,3,0
"chip-claro",3,3,0
"UTP-POR",3,3,0
"ANULA",3,3,0
"CERR-INT",3,3,0
"CAÃ-RO",3,3,0
"SOP-AN",3,3,0
"MOT-AER",3,3,0
"DVR-5MP",3,3,0
"CAM-5MPCOLOR",3,3,0
"FUE-COLOR",3,3,0
"20W50",2,9,0
"ZEUS",2,4,0
"REPBOMSOL",3,3,0
"BOM-SOL",3,3,0
"ZEUS 140",2,4,0
"PRO-HDMI",3,3,0
"EXT-HDMI",3,3,0
"VOLTA 75",4,25,0
"BARR-VEH",3,3,0
"CONT-BARRERAS",3,3,0
"ANT-HIK",3,3,0
"DVR- DAT",3,3,0
"REP-CAM",3,3,0
"BARR-COR",3,3,0
"CAM-SOL",3,3,0
"INV-FIA",3,3,0
"BAT-SOL",3,3,0
"PAN-SOL",3,3,0
"BAT-SOL",3,3,0
"SOB-TE",3,3,0
"MOT-ST",3,3,0
"VOLTA 160",4,25,0
"BASE-SOL",3,3,0
"TAN-AUS",3,3,0
"INV-SOL6",3,3,0
"PAN-SOL",3,3,0
"BAT-SOL",3,3,0
"SH",2,9,0
"FL",1,20,0
"FL",1,20,0
"FL",1,20,0
"FL",1,20,0
"WEGA",1,23,0
"WEGA",1,23,0
"CAM-IP",3,3,0
"BOMU",3,3,0
"AMAROK",2,8,0
"IMAN-600",3,3,0
"MANO-PORTON 600",3,3,0
"MAT-PORTON",3,3,0
"BAT-ESC",3,3,0
"BAT-ESC",3,3,0
"BAT-ESC",3,3,0
"BAT-SOL",3,3,0
"PER-08",5,3,0
"MAN-BAS",5,3,0
"PLA-ROT",3,3,0
"CON-TOR",3,3,0
"KIT",1,20,0
"CAÃ-2.5",3,3,0
"CAM-4G",3,3,0
"UPS-X28",3,3,0
"DOM-EZV",3,3,0
"ROUTER TP-LINK 110/2",3,3,0
"TOR -NOV",3,3,0
"BOM-SOL HI",3,3,0
"CAMQ",3,3,0
"ZEUS90",2,4,0
"AMON",2,4,0
"80W90",2,4,0
"MAN-TEND",3,3,0
"DVR-8",3,3,0
"CAM-HIT",3,3,0
"KX83",1,20,0
"L.180CM",2,27,0
"L.400CM",2,27,0
"L.1LT",2,27,0
"MOTO PLUS",2,27,0
"MAX C 400 CM",2,27,0
"TOP MIX DUO",2,27,0
"80W90 450 CM",2,27,0
"REF.1LT",2,27,0
"CAÃ-FU",3,3,0
"COL-CA",3,3,0
"CONS -BA",3,3,0
"EQUI-SOL",3,3,0
"INVE-SOL",3,3,0
"Z5231E",1,11,0
"TEKMA",2,2,0
"REFRI",2,2,0
"INV-GRO",3,3,0
"INV-GW",3,3,0
"INV-GRO",3,3,0
"BAT CIC",3,3,0
"PAN-VI",3,3,0
"LLAM-COM",3,3,0
"TEC-X28",3,3,0
"CEN-ALR",3,3,0
"H7",2,26,0
"H1",2,26,0
"CARGADOR FRONTAL",6,8,0
"PLAC-MOTOR",3,3,0
"LIN22",3,3,0
"PORCTARJ",3,3,0
"TOR-MO",3,3,0
"DEX",2,4,0
"FCD2045B",1,23,0
"presto180",4,28,0
"abra",1,8,0
"arand",2,8,0
"presto65",4,28,0
"ROUTER",3,3,0
"RED",3,3,0
"zitta",4,6,0
"0w20",2,2,0
"FC",2,10,0
"BAT-ZITT",4,6,0
"BAT-VI",3,3,0
"KL1132D",1,20,0
"BAT",4,29,0
"BAT",4,29,0
"P5046",1,11,0
"FILTRO",1,20,0
"wap163",1,23,0
"WAP139",1,23,0
"WO470",1,23,0
"FCD2041",1,23,0
"ef-733r",1,19,0
"OBLEAS",1,8,0
"OBLEAS 2",1,8,0
"OBLEAS 3",1,8,0
"MOTUL-1LTS",2,2,0
"MOTUL- 1LTS",2,2,0
"UREA",2,4,0
"UREA",2,4,0
"J3056",1,11,0
"J3057",1,11,0
"OBLEAS 4",1,8,0
"moura",4,8,0
"CAM-EZV",3,3,0
"wolver",2,30,0
"WOLVER",2,30,0
"3000 20w50",2,2,0
"WOLVER",2,30,0
"CVT WOLVER",2,30,0
"WOLVER",2,30,0