"codigo","codigoBarra","descripcion","precio","costo","iva","unidad"
"1","","PATITA DE POLLO X 300 GR","2479.33","2479.33","21","UN"
"2","","LATA X 10 NARANJA FROZZEN","1068.10","1068.10","21","UN"
"5","","COPITA SEI TU FLLA-AMER X 24 U","18900.00","18900.00","21","UN"
"6","","COPITA SEI TU CHOC-DULCE X 24 U","728.20","728.20","21","UN"
"7","","POTE X 360 CC X 1 U","207.00","207.00","21","UN"
"9","","DONNAS CHOCOLATE  X 12","8264.46","8264.46","21","UN"
"10","","DONNAS DE ROSA X 12","8264.46","8264.46","21","UN"
"19","","LATA X 10 CHOCO CON ALMENDRAS","42100.00","42100.00","21","UN"
"21","","LATA X 10 CHOCO C/PASAS AL RUM","42100.00","42100.00","21","UN"
"29","","LATA X 10 SAMBAYON","42100.00","42100.00","21","UN"
"32","","LATA X 10 LIGHT DULCE DE LECHE","513.70","513.70","21","UN"
"33","","LATA X 10 LIGHT VAINILLA","513.70","513.70","21","UN"
"36","","SALSAS POR UNIDAD","4091.00","4091.00","21","UN"
"37","","LATA X 10 SUPER CHOCO SEI TU","42100.00","42100.00","21","UN"
"40","","LATA X 10 CREMA DE ALMENDRAS","1433.30","1433.30","21","UN"
"42","","LATA X 10 CREMA OREO","42100.00","42100.00","21","UN"
"43","","AGUA SEI TU FRUTILLA X 36 U","14200.00","14200.00","21","UN"
"53","","LATA X 10 COCO C/ DULCE DE LECHE","37700.00","37700.00","21","UN"
"54","","LATA X 10 DULCE DE LECHE SEI TU","42100.00","42100.00","21","UN"
"55","","HAMBURGUESA TIPO CASERA 240 GR X 2 U","87.00","87.00","21","UN"
"66","","MC CAIN NOISETTES 500 GR","70.00","70.00","21","UN"
"69","","TIPO CASERA CAJA 30 X 2 UN","1711.00","1711.00","21","UN"
"76","","SEICHOC BOMBONCITOS X 5 UNID","17.00","17.00","21","UN"
"78","","SALSA GOLF ""BENIDORM"" X 250","91.00","91.00","21","UN"
"89","","POTE TERMICO X 750 CC X 1 U","372.00","372.00","21","UN"
"94","","SEI TU X 3 LTRS TRAMONTANA- DCE-TIRAMISU","9500.00","9500.00","21","UN"
"99","","PALITO CORAZON X 2un","1445.40","1445.40","21","UN"
"100","","QUESO CREMOSO X KG","9049.58","9049.58","21","UN"
"102","","HAMBURG FRIAR XL X 2 UN","3388.42","3388.42","21","UN"
"106","","QUESO CREMOSO ""LA PAULINA""","7024.79","7024.79","21","UN"
"115","","SEI TU X 5 LTRS CHOCO-FLLA-DULCE","12800.00","12800.00","21","UN"
"118","","SEI TU X 5 LTRS CHOCO-VLLA-DULCE","12800.00","12800.00","21","UN"
"137","","PAPAS FARMPAC X 2.5","8182.00","8182.00","21","UN"
"141","","PAPAS X 2,500 X 10MM MC CAIN","13223.14","13223.14","21","UN"
"142","","PAPAS X6 U X 2,500 KGR","77645.45","77645.45","21","UN"
"144","","HAMBURGUESAS SWIFT X 42 U8 (X 2 U)","1519.00","1519.00","21","UN"
"147","","HAMB. FRIAR BURGUER X 2 U","909.09","909.09","21","UN"
"148","","POTE 3/4 LTR PREMIUM FLLA A LA CREMA","4950.00","4950.00","21","UN"
"150","","PALETA ESPECIAL ""PIARA"" CERDO","194.00","194.00","21","UN"
"156","","BOCADITO DE POLLO X 2kg","11388.00","11388.00","21","UN"
"160","","TAPAS POTE 360 X 1 U","30.00","30.00","21","UN"
"165","","CAJA HAMBURG SWIFT CLAS X 2 X 30 UNIDADES","1959.00","1959.00","21","UN"
"171","","LATA X 10 MANGO","1267.20","1267.20","21","UN"
"173","","MC CAIN TRADICIONAL 15 KG","1131.00","1131.00","21","UN"
"174","","SWIFT CAJA HAMB CASERA X 24 Un","2061.00","2061.00","21","UN"
"178","","PIZZAS SEI TU X 12 U.","942.00","942.00","21","UN"
"258","","LATA X 10 CREMA IRLANDESA","710.60","710.60","21","UN"
"259","","LATA X 10 CHOCOLATE DUBAI","42100.00","42100.00","21","UN"
"278","","SEI TU TRICOLOR X 20 U","15800.00","15800.00","21","UN"
"290","","CINTA ADHESIVA X 6 U.","157.00","157.00","21","UN"
"295","","SEICHOC DDL X 15 U","54.00","54.00","21","UN"
"296","","CREMA X 24 U SEI TU FRUTILLA","12700.00","12700.00","21","UN"
"299","","SEI TU ALMENDRADO X 20 U","17400.00","17400.00","21","UN"
"307","","HAMBURGUESAS FRIAR 2X198gr","4041.00","4041.00","21","UN"
"333","","SEI TU EMPANADAS DE POLLO X 4 U","46.00","46.00","21","UN"
"334","","MC CAIN CORTE TRADICIONAL 720 GR","74.00","74.00","21","UN"
"342","","SEI TU EMPANADAS DE JAMON Y QUESO X 4 U","46.00","46.00","21","UN"
"343","","CREMA / AGUA  FRISKI X 24 U","13400.00","13400.00","21","UN"
"344","","SEI TU EMPANADAS DE CARNE X 4 U","46.00","46.00","21","UN"
"345","","SEI TU ESCOCES NEVADO X 8 U","8700.00","8700.00","21","UN"
"346","","ESPINACA X 300 GR","81.00","81.00","21","UN"
"348","","ARVEJAS x 2.5","1083.00","1083.00","21","UN"
"350","","MILANESA SOJA JAMON Y Q","50.00","50.00","21","UN"
"356","","MILANESA SOJA ESPINACA Y Q","50.00","50.00","21","UN"
"357","","MILANESA SOJA C OREGANO","58.00","58.00","21","UN"
"359","","MINIONS MC CAIN 450 GR","72.00","72.00","21","UN"
"360","","SEI TU ALFAJOR HLDO X 8 CLASICO","8700.00","8700.00","21","UN"
"361","","SEI TU ALFAJOR HLDO X 8 U NEVADO","8700.00","8700.00","21","UN"
"362","","BASTONCITOS MOZZARELLA 2 KG","1541.00","1541.00","21","UN"
"371","","PALITO GRANIZADO DULCE  X 24 U","14400.00","14400.00","21","UN"
"374","","CREMA X 36 U SEI TU DULCE DE LECHE","430.10","430.10","21","UN"
"375","","CREMA X 24 U SEI TU CHOCOLATE","12700.00","12700.00","21","UN"
"376","","FRUTI-FROZEN X 24 U NAR/DURAZNO","584.10","584.10","21","UN"
"377","","PALITO BOMBON X 24 U","19800.00","19800.00","21","UN"
"378","","CARITA X 20 U FRUTILLA-AMERICANA","14400.00","14400.00","21","UN"
"379","","CARITA X 20 U CHOCOLATE-VAINILLA","14400.00","14400.00","21","UN"
"380","","PALITO BOMBON CROCANTE X 24 U","20100.00","20100.00","21","UN"
"382","","SEI TU POTE X 3/4 LIGHT CHOCO-VLLA","4950.00","4950.00","21","UN"
"383","","PALITO SEIBOM X 16 U COOKIES","19200.01","19200.01","21","UN"
"384","","PALITO SEIBOM X 16 U BLANCO","19200.01","19200.01","21","UN"
"385","","PALITO SEIBOM X 16 U ALMENDRAS","19200.01","19200.01","21","UN"
"386","","CONO TU X 14 U AMERICANA","21200.00","21200.00","21","UN"
"387","","CONO TU X 14 U DULCE DE LECHE","21200.00","21200.00","21","UN"
"388","","COPA SEI TU  X 12 U FRUTILLA-AMERICANA","18100.01","18100.01","21","UN"
"389","","COPA SEI TU  X 12 U DULCE-CHOCOLATE","18100.01","18100.01","21","UN"
"390","","TORTA ISABELLA CHOCOLATE","8500.00","8500.00","21","UN"
"391","","PALITO GRANIZADO CLASICO  X 24 U","14400.00","14400.00","21","UN"
"392","","SEI TU POTE X 3/4 LIGHT DULCE-FLLA","4950.00","4950.00","21","UN"
"394","","BOMBONCITO AMERICANA","4300.00","4300.00","21","UN"
"396","","BOMBONCITO MENTA","4300.00","4300.00","21","UN"
"397","","COPA SEI TU  X 12 U VAINILLA-CHOCOLATE","1025.20","1025.20","21","UN"
"398","","BARRITA SEI TU X 24 U","664.40","664.40","21","UN"
"399","","PALITO CORAZON SEI DOLCE X 24 U","664.40","664.40","21","UN"
"400","","QUESO PORT SALUT CLASICO X KG","721.00","721.00","21","UN"
"401","","MC CAIN CON PIEL 720 GR","74.00","74.00","21","UN"
"403","","AGUA SEI TU LIMON X 36 U","14200.00","14200.00","21","UN"
"404","","CREMA FUNCIONAL CHOCO-VLLA X 24","24700.01","24700.01","21","UN"
"405","","BOMBONCITO DULCE DE LECHE","4300.00","4300.00","21","UN"
"410","","SEI TU TRICOLOR FUNCIONAL X 6 U","7300.00","7300.00","21","UN"
"411","","SEIBOM PREMIUM DOLCE","349.80","349.80","21","UN"
"412","","SEI TU SUIZO X 20 U","17900.00","17900.00","21","UN"
"414","","TORTA CLASICA DULCE-FRUTILLA","8727.40","8727.40","21","UN"
"415","","TORTA CLASICA CHOCO-VAINILLA","8727.40","8727.40","21","UN"
"419","","TUTTO X 3 LTRS FLLA-DULCE-AMER","7727.27","7727.27","21","UN"
"420","","TUTTO X 3 LTR 4 SABORES (A-CH-F-D)","7727.27","7727.27","21","UN"
"421","","MONDIAL X 3 LTRS 4 SABORES","899.80","899.80","21","UN"
"422","","SEI TU X 3 LTRS FLAN-BANANA-GRAN","9500.00","9500.00","21","UN"
"423","","SEI TU X 3 LTRS COCTEL DE FRUTAS","9500.00","9500.00","21","UN"
"424","","SEI TU X 3 LTRS CHOCO-DULCE-FLLA","9500.00","9500.00","21","UN"
"425","","SEI TU X 3 LTRS FLLA-DULCE-AMER","9500.00","9500.00","21","UN"
"426","","SEI TU X 3 LTRS CHOC-AMER-VLLA","493.90","493.90","21","UN"
"427","","SEI TU X 5 LTRS FLAN-BANANA-GRZDO","12800.00","12800.00","21","UN"
"429","","POTE 3/4 LTR PREMIUM DLCE GRANIZADO","4950.00","4950.00","21","UN"
"430","","POTE 3/4 PREMIUM S. CHOCO","4950.00","4950.00","21","UN"
"431","","SEI TU POTE X 3/4 FLLA-AMERICANA","4950.00","4950.00","21","UN"
"432","","SEI TU POTE X 3/4 LIMON","4950.00","4950.00","21","UN"
"433","","SEI TU POTE X 3/4 DULCE-CHOC","4950.00","4950.00","21","UN"
"436","","BOLSA GRANDE","2.00","2.00","21","UN"
"438","","JUGUITO SUPER PEPITO X 110cc","4810.00","4810.00","21","UN"
"442","","TAPAS DE POTES 750 CC X 1U","19.00","19.00","21","UN"
"469","","CREMA FUNCIONAL FLLA-VLLA X 24 U","24700.01","24700.01","21","UN"
"485","","TORTA PREMIUM  BOMBON","8500.00","8500.00","21","UN"
"486","","SEI TU ESCOCES X 24 U","25200.00","25200.00","21","UN"
"487","","SEI TU TRICOLOR X 8 U","6700.00","6700.00","21","UN"
"488","","LATA X 10 ANANA","32400.01","32400.01","21","UN"
"489","","LATA X 10 FRUTILLA","32400.01","32400.01","21","UN"
"490","","LATA X 10 CHOCOLATE","32400.01","32400.01","21","UN"
"491","","LATA X 10 DULCE DE LECHE","32400.01","32400.01","21","UN"
"492","","LATA X 10 DURAZNO","32400.01","32400.01","21","UN"
"494","","LATA X 10 LIMON","32400.01","32400.01","21","UN"
"495","","LATA X 10 LIMON GRANIZADO","1068.10","1068.10","21","UN"
"496","","LATA X 10 LIMON A LA REINA","32400.01","32400.01","21","UN"
"497","","LATA X 10 CHOCOLATE BLANCO","37700.00","37700.00","21","UN"
"498","","LATA X 10 DULCE GRANIZADO","37700.00","37700.00","21","UN"
"499","","LATA X 10 BANANA","32400.01","32400.01","21","UN"
"500","","LATA X 10 CAPUCCHINO","37700.00","37700.00","21","UN"
"502","","LATA X 10 CREMA DEL CIELO","32400.01","32400.01","21","UN"
"503","","LATA X 10 FRUTILLA A LA CREMA","32400.01","32400.01","21","UN"
"505","","LATA X 10 MULTISABOR KIDS","32400.01","32400.01","21","UN"
"507","","LATA X 10 VAINILLA","32400.01","32400.01","21","UN"
"508","","LATA X 10 AMERICANA","32400.01","32400.01","21","UN"
"509","","LATA X 10 TRAMONTANA","42100.00","42100.00","21","UN"
"510","","LATA X 10 DULCE C/NUEZ","42100.00","42100.00","21","UN"
"511","","LATA X 10 SELVA NEGRA","42100.00","42100.00","21","UN"
"512","","LATA X 10 KINOTOS AL WHISKY","42100.00","42100.00","21","UN"
"520","","LATA X 10 CREMA RUSA","42100.00","42100.00","21","UN"
"522","","SEI TU ESCOCES CLASICO X 8 U","8700.00","8700.00","21","UN"
"523","","TORTA PREMIUM LEMON PIE","8500.00","8500.00","21","UN"
"524","","SEI TU SUIZO X 8 U","7400.00","7400.00","21","UN"
"525","","SEI TU ALMENDRADO X 8 U","6800.00","6800.00","21","UN"
"70","","PAPAS RANCHO ALTO X 710 GR","399.00","399.00","21","UN"
"243","","AGUA SEI TU UVA X 36 U","14200.00","14200.00","21","UN"
"571","","CREMA X 24 U SEI TU AMERICANA","12700.00","12700.00","21","UN"
"484","","POTE X 1 LTR PREMIUM LIMON FROZEN","3581.60","3581.60","21","UN"
"457","","LATA X 10 BANANITA DOLCA","42100.00","42100.00","21","UN"
"95","","SEI TU X 5 LTS 4 SABORES ( CH-A-D-F)","12800.00","12800.00","21","UN"
"15","","ALFAJOR CLASICO X 16 Unid.","17854.54","17854.54","21","UN"
"120","","SEI TU X 5 LTRS FLLA-DULCE-AMER","12800.00","12800.00","21","UN"
"288","","SEI TU ALFAJOR SEICHOC X 8","12500.00","12500.00","21","UN"
"167","","PIZZAS SEI TU X U","166.00","166.00","21","UN"
"190","","TORTA ISABELLA FRUTILLA","8500.00","8500.00","21","UN"
"11","","FRUTI-FROZEN X 24 U FRUTILLA","14800.01","14800.01","21","UN"
"437","","JUGUITOS TINCHO X 25 U","2975.00","2975.00","21","UN"
"439","","JUGUITO X 24 CREM 2 SAB","2678.00","2678.00","21","UN"
"450","","QUESO PORT SALUT LIGHT X KG","277.00","277.00","21","UN"
"538","","HAMBURGUESAS FRIAR CLASICAS X 2 Un","2231.40","2231.40","21","UN"
"542","","LATA X 10 MARACUYA","1049.40","1049.40","21","UN"
"322","","MEDALLON CARNE FRIAR 2X55gr","736.00","736.00","21","UN"
"14","","LATA X 10 CHOCOLATE BARILOCHE","1433.30","1433.30","21","UN"
"112","","MILANESA SOJA SWIFT CLASICA 330 GR","45.00","45.00","21","UN"
"170","","JARDINERA X 2 KG","202.00","202.00","21","UN"
"101","","LATA X 10 PISTACCHIO","37700.00","37700.00","21","UN"
"103","","LATA X 10 COCO","1393.70","1393.70","21","UN"
"104","","LATA X 10 GRANIZADO","37700.00","37700.00","21","UN"
"105","","LATA X 10 MENTA GRANIZADA","37700.00","37700.00","21","UN"
"113","","LATA X 10 CHOCOLATE AMARGO","37700.00","37700.00","21","UN"
"116","","LATA X 10 SUPER DLCE DE LECHE","37700.00","37700.00","21","UN"
"12","","AGUA EXTRA ACIDO X 24","14800.01","14800.01","21","UN"
"122","","LATA X 10 CEREZA CREMA","42100.00","42100.00","21","UN"
"123","","LATA X 10 CREMA FLAN","37700.00","37700.00","21","UN"
"124","","LATA X 10 BANANA SPLIT","37700.00","37700.00","21","UN"
"125","","LATA X 10 CHOCOLATE ROCHER","1267.20","1267.20","21","UN"
"126","","LATA X 10 MANTECOL","37700.00","37700.00","21","UN"
"128","","LATA X 10 TIRAMISU","37700.00","37700.00","21","UN"
"132","","LATA X 10 FRUTOS PATAGONICOS","37700.00","37700.00","21","UN"
"133","","LATA X 10 MASCARPONE C/F ROJOS","37700.00","37700.00","21","UN"
"146","","SALSA SEI TU X 4 U","579.00","579.00","21","UN"
"149","","SEI TU X 3 LTRS 4 SABORES (F-CH-A-D)","9500.00","9500.00","21","UN"
"1104","","MORTADELA - 808 - CILINDRO X KG","5371.90","5371.90","21","UN"
"1126","","SALCHICHAS COCIDAS SIN PIEL -PANCHIN-","950.41","950.41","21","UN"
"1007","","SALAMIN PICADO FINO-TIRA X 3-","20330.57","20330.57","21","UN"
"1110","","SALCHICHON CON JAMON X KG","398.00","398.00","21","UN"
"1112","","SALCHICHON CON VERDURAS X KG","5768.59","5768.59","21","UN"
"1102","","MORTADELA (BOCHA) X KG","7355.37","7355.37","21","UN"
"409","","SEIBOM PREMIUM CROCANTE","709.50","709.50","21","UN"
"413","","SEIBOM PREMIUM ALMENDRADO","709.50","709.50","21","UN"
"121","","SEI TU X 3 LTRS GRAN-DDL-CHOC-FLAN","9500.00","9500.00","21","UN"
"453","","SEI TU X 3 LTRS LIMON","9500.00","9500.00","21","UN"
"107","","LATA X 10 CHOCOLATE MARROC","42100.00","42100.00","21","UN"
"114","","CHOCLO X400G","138.00","138.00","21","UN"
"98","","CONO SEIUP NEGRO X 14 U.","873.40","873.40","21","UN"
"13","","MEZCLA PRIMAVERA x 1 kg","0.00","0.00","21","UN"
"77","","MC CAIN TORTILLA ESPINACA X 420 GRS","0.00","0.00","21","UN"
"600","","MC CAIN NOISETTES X 2.5","1116.00","1116.00","21","UN"
"601","","MC CAIN NOISETTES X4U X2.5Kg","1618.00","1618.00","21","UN"
"1165","","PALETA 131 VERDE ""C""","7024.79","7024.79","21","UN"
"1146","","PALETA 131 AZUL ""C Y P""","5289.25","5289.25","21","UN"
"1008","","SALAME TIPO MILAN","16404.95","16404.95","21","UN"
"1006","","SALAME PICADO GRUESO x METRO","17231.40","17231.40","21","UN"
"1011","","SALAMIN PICADO FINO x METRO","17231.40","17231.40","21","UN"
"1004","","SALAME PICADO GRUESO-TIRA X 3-","20330.57","20330.57","21","UN"
"1103","","MORTADELA PIAMONTESA","1059.00","1059.00","21","UN"
"1142","","PALETA PIAMONTESA ""C""","9338.84","9338.84","21","UN"
"1107","","MORTADELA FAMILIAR X 0.3KG","373.00","373.00","21","UN"
"250","","QUESO DANBO - HORMA X KG","11049.58","11049.58","21","UN"
"1055","","QUESO MUZZARELLA X KG","388.00","388.00","21","UN"
"1105","","YOGUR DURAZNO X 1LT","1776.85","1776.85","21","UN"
"1101","","YOGUR FRUTILLA X 1 LT","1776.85","1776.85","21","UN"
"1100","","YOGUR VAINILLA X 1 LT","1776.85","1776.85","21","UN"
"3","","BALDE X 3 LT AMOROSO","4664.00","4664.00","21","UN"
"1035","","CREMA DE LECHE X 200 Gr","2066.11","2066.11","21","UN"
"1036","","CREMA DE LECHE X 360GR","2421.00","2421.00","21","UN"
"1037","","DULCE DE LECHE X 250 GR","1405.00","1405.00","21","UN"
"1038","","DULCE DE LECHE X 400 GR","2165.00","2165.00","21","UN"
"1019","","MANTECA X 100 GR","1471.07","1471.07","21","UN"
"1150","","QUESO UNTABLE (CLASICO) X 190Gr","2066.11","2066.11","21","UN"
"1170","","QUESO UNTABLE (JAMON) X 190Gr","2066.11","2066.11","21","UN"
"1115","","SALCHICHON CON VERDURAS (FAMILIAR) x 0.3gr","61.00","61.00","21","UN"
"1116","","SALCHICHON CON JAMON (FAMILIAR) x 0.3gr","61.00","61.00","21","UN"
"1139","","JAMON COCIDO (FAMILIAR) X KG","12561.98","12561.98","21","UN"
"1066","","BONDIOLA","19174.00","19174.00","21","UN"
"1017","","CREMA DE LECHE X 5 LT","27190.00","27190.00","21","UN"
"1020","","MANTECA x 200 Gr","2809.91","2809.91","21","UN"
"1180","","QUESO UNTABLE (AZUL ) X 190Gr","2066.11","2066.11","21","UN"
"1160","","QUESO UNTABLE P.SALUT LIGHT X 190Gr","2066.11","2066.11","21","UN"
"1190","","QUESO UNTABLE CHEDDAR X 190Gr","1859.50","1859.50","21","UN"
"960","","QUESO AZUL","15124.00","15124.00","21","UN"
"1050","","QUESO MOZZARELLA (CILINDRO) X KG","10082.64","10082.64","21","UN"
"1025","","QUESO RALLADO X 40Gr","1074.38","1074.38","21","UN"
"1061","","PANCETA ARROLLADA X KG","2524.00","2524.00","21","UN"
"1483","","MEDALLOES SWIFT GASTRONOMICOS","26.00","26.00","21","UN"
"1480","","PAPAS MORIXE TRADICIONAL X 2.5","198.00","198.00","21","UN"
"1481","","PAPAS MORIXE TRADICIONAL X 12.5KG","983.00","983.00","21","UN"
"1108","","MORTADELA BOLOGNA","7148.76","7148.76","21","UN"
"1130","","QUESO UNTABLE (FINAS HIERBAS) X 190Gr","98.00","98.00","21","UN"
"1140","","QUESO UNTABLE (SALAME) X 190Gr","2066.11","2066.11","21","UN"
"1119","","SALAME TIPO MILAN 808","10247.93","10247.93","21","UN"
"1490","","POTE X LT MONDIAL 3 SABORES","2255.00","2255.00","21","UN"
"41","","PICOLE X 24 (3 SAB)","13400.00","13400.00","21","UN"
"1491","","QUESO SARDO","8842.97","8842.97","21","UN"
"1310","","LECHE ENTERA X 1 LT","1029.00","1029.00","21","UN"
"1040","","DULCE DE LECHE (REPOSTERO) X400","2711.00","2711.00","21","UN"
"2070","","CAJA SU BATIDO X 100u","1446.00","1446.00","21","UN"
"1063","","PANCETA AHUMADA X KG","16776.85","16776.85","21","UN"
"31","","CAJA VASO SU BATIDO X 100 u","1996.00","1996.00","21","UN"
"34","","VASO SU BATIDO X Un","19.00","19.00","21","UN"
"1062","","PANCETA SALADA X KG","1979.00","1979.00","21","UN"
"22","","SU BATIDO X UNIDAD","107.00","107.00","21","UN"
"90","","POTE X 360CC X 1000un","7107.00","7107.00","21","UN"
"45","","MAYONESA HELLMAN`S X 2900CM3","952.00","952.00","21","UN"
"252","","QUESO CHEDDAR X 3 KG","17066.00","17066.00","21","UN"
"1493","","MORTADELA PIAMONTESA -CILINDRO-","1059.00","1059.00","21","UN"
"26","","KETCHUP X3Kg","487.00","487.00","21","UN"
"35","","KETCHUP X 8cc x 196un","1622.00","1622.00","21","UN"
"38","","MAYONESA x 8cc x 196un","1619.00","1619.00","21","UN"
"39","","SAVORA x 8cc x 196un","1095.00","1095.00","21","UN"
"700","","PALITO DE AGUA ESQUIMO X 30U","260.00","260.00","21","UN"
"254","","MOZZARELLA BARRA","324.00","324.00","21","UN"
"255","","SEI TU POTE 3/4 PREMIUM AMER COOKIES C/ DLL","3281.30","3281.30","21","UN"
"256","","SEI TU POTE 3/4 PREMIUM FLLA A LA CREMA","3281.30","3281.30","21","UN"
"257","","SEI TU POTE 3/4 PREMIUM FLAN GRANIZADO C/ DLL","3281.30","3281.30","21","UN"
"480","","SEI TU ESCOCES NEVADO X 24","25200.00","25200.00","21","UN"
"16","","ALFAJOR NEVADO X 16 Unid.","17854.54","17854.54","21","UN"
"795","","SALSA GOLF X 2.900CM3","679.00","679.00","21","UN"
"746","","FIDEOS X 12","442.00","442.00","21","UN"
"747","","FIDEOS X U","37.00","37.00","21","UN"
"1345","","MORTADELA BOLOGNA FOX X KG","172.00","172.00","21","UN"
"1346","","QUESO BARRA LAYNA X KG","7768.59","7768.59","21","UN"
"271","","BARRA CHEDDAR TREMBLAY X KG","711.00","711.00","21","UN"
"1009","","SALAME TIPO MILAN PIAMONTESA (VACIO)","431.00","431.00","21","UN"
"602","","BIZ. 9 DE ORO CLASICOS X 200","51.00","51.00","21","UN"
"603","","BIZ. 9 DE ORO AZUCARADOS X 210","51.00","51.00","21","UN"
"604","","BIZ. 9 DE ORO AGRIDULCES X 200","51.00","51.00","21","UN"
"605","","GALLETITAS PASEO CRACKERS X 300","62.00","62.00","21","UN"
"606","","GALLETITAS PASEO SALVADO X 300","75.00","75.00","21","UN"
"607","","GALLETITAS PASEO 5 SEMILLAS X 300","42.00","42.00","21","UN"
"608","","GALLETITAS PASEO SALV. MULT. CEREAL X 300","75.00","75.00","21","UN"
"609","","GALLETITAS PASEO CRACKERS X 150","20.00","20.00","21","UN"
"610","","GALLETITAS PASEO SALVADO X 150","24.00","24.00","21","UN"
"611","","GALLETITAS PASEO 5 SEMILLAS X 150","24.00","24.00","21","UN"
"612","","PASEO MINI MARINERAS X 220","65.00","65.00","21","UN"
"613","","PASEO CHATITAS X 140","66.00","66.00","21","UN"
"614","","PASEO GRISINES CLASICOS X 180","40.00","40.00","21","UN"
"615","","PASEO GRISINES SALVADO X 180","40.00","40.00","21","UN"
"1077","","JAMON CRUDO SIN HUESO","1345.00","1345.00","21","UN"
"140","","FIAMBRE COCIDO DE PALETA DE (C) ""PIARA"" (IN)","118.00","118.00","21","UN"
"130","","FIAMBRE COCIDO DE PALETA DE (C Y P) ""PIARA""","109.00","109.00","21","UN"
"145","","MORTADELA ""PIARA""","121.00","121.00","21","UN"
"162","","SALAME POR METRO ""PIARA""","392.00","392.00","21","UN"
"701","","MINI CROQUETAS J Y Q X 300GR","1694.00","1694.00","21","UN"
"702","","MED. POLLO C/ J Y Q X 500GR","4455.00","4455.00","21","UN"
"703","","MEDALLON DE MERLUZA X 150GR","496.00","496.00","21","UN"
"705","","TORTA HELADA C/ COOKIES","8500.00","8500.00","21","UN"
"706","","POTE 3/4 VEGANO CHOCOLATE C/ ALM Y VAINILLA","4950.00","4950.00","21","UN"
"1106","","QUESO CREMA X 290GR","441.00","441.00","21","UN"
"1109","","QUESO CREMA LIGHT X 290GR","110.00","110.00","21","UN"
"151","","BOCADITO DE POLLO X 4 U X 6 KGR","1686.00","1686.00","21","UN"
"201","","SALAMIN TIRA X 4 PIARA","401.00","401.00","21","UN"
"349","","CHAUCHA X 400GR","114.00","114.00","21","UN"
"1082","","HAMBURGUESA FRIAR X 4 U","2702.47","2702.47","21","UN"
"1010","","CHORIZO A LA ESPAÑOLA TIRA X 3","466.00","466.00","21","UN"
"203","","SEI TU ESCOCES PISTACHO X 8","8700.00","8700.00","21","UN"
"204","","BARRITA SEI CHOC X 8 B. SPLIT","8454.55","8454.55","21","UN"
"1111","","MORTADELA 808 FLIAR","2355.00","2355.00","21","UN"
"506","","LATA X 10 ALFAJOR SEI BOM","37700.00","37700.00","21","UN"
"1137","","JAMON COCIDO FINAS HIERBAS","457.00","457.00","21","UN"
"1138","","JAMON COCIDO FINAS HIERBAS X KG","587.00","587.00","21","UN"
"552","","QUESO PATEGRAS","16694.21","16694.21","21","UN"
"558","","PAPA NOISSETTES X 10 KG","57769.00","57769.00","21","UN"
"205","","BARRITA SEI CHOC B. SPLIT X 20","895.40","895.40","21","UN"
"207","","BARRITA SEI CHOC DLL X 20","895.40","895.40","21","UN"
"24","","COMBO DE PANCHOS","3801.65","3801.65","21","UN"
"25","","COMBO DE HAMBURGUESAS","3801.65","3801.65","21","UN"
"27","","YERBA PRIMICIA X 500 GR","959.00","959.00","21","UN"
"28","","YERBA PRIMICIA X 1KG","1868.00","1868.00","21","UN"
"210","","HAMBUR. ""LA DEFENSA"" X 220Gr","1570.24","1570.24","21","UN"
"211","","HAMBUR. ""LA DEFENSA"" X 110Gr","40.00","40.00","21","UN"
"212","","HAMBUR. ""BOOGYS"" X 138Gr","85.00","85.00","21","UN"
"1127","","SALCHICHAS RANCHO ALTO","74.00","74.00","21","UN"
"143","","PAPAS PRE-COC. X 2.5 SEI TU","7851.23","7851.23","21","UN"
"157","","PATITAS DE POLLO X 6KG","47438.00","47438.00","21","UN"
"158","","MEDALLONES DE POLLO C/ J Y Q X 6KG","3835.00","3835.00","21","UN"
"30","","COMBO CHICO HAMB.","2025.00","2025.00","21","UN"
"50","","PAN DE PANCHO","41.00","41.00","21","UN"
"159","","MEDALLONES DE POLLO X 6KG","47438.00","47438.00","21","UN"
"20","","COMBO DE PANCHO CORTO","127.60","127.60","21","UN"
"7605","","FIAMBRE C. DE PATA DE CERDO ""LA CASONA""","447.00","447.00","21","UN"
"7608","","FIAMBRE C. DE PALETA DE CERDO ""LA CASONA""","364.00","364.00","21","UN"
"7244","","FIAMBRE C. DE CERDO Y POLLO ""LA CASONA""","217.00","217.00","21","UN"
"7637","","SALAME TIPO MILAN (AL VACIO) ""LA CASONA""","577.00","577.00","21","UN"
"7630","","SALAMIN TIRA X4 PF ""LA CASONA""","586.00","586.00","21","UN"
"7666","","SALCHICHON PRIMAVERA "" LA CASONA""","267.00","267.00","21","UN"
"7651","","MORTADELA FAMILIAR X300G ""LA CASONA""","129.00","129.00","21","UN"
"7660","","SALCHICHAS ""LA CASONA""","43.00","43.00","21","UN"
"7640","","SALAME BASTON PG","606.00","606.00","21","UN"
"215","","MEDALLONES RANCHO ALTO X 4un","2975.20","2975.20","21","UN"
"80","","CREMOSO LACTEAR","659.00","659.00","21","UN"
"81","","BARRA LACTEAR","0.00","0.00","21","UN"
"911","","POTE A.OSO X 360cc DLL-CHOC-FLL","1168.20","1168.20","21","UN"
"540","","PALITO BOMBON A. OSO X 24","905.30","905.30","21","UN"
"541","","PALITO DE AGUA A.OSO NAR-FLLA  X 24","467.50","467.50","21","UN"
"543","","PALITO DE CREMA A.OSO CHOC-AMER X 24","730.40","730.40","21","UN"
"7663","","SALCHICHON CON JAMON ""LA CASONA""","267.00","267.00","21","UN"
"231","","DULCE DE LECHE ""LACTEAR"" X 200G","49.00","49.00","21","UN"
"7615","","PANCETA AHUMADA ""LA CASONA""","810.00","810.00","21","UN"
"7646","","JAMON CRUDO "" LA RESID""","1260.00","1260.00","21","UN"
"7578","","MORTADELA CILINDRO ""RESIDENCIA""","278.00","278.00","21","UN"
"7650","","MORTADELA BOLOGNA (BOCHA) ""LA CASONA""","360.00","360.00","21","UN"
"408","","CREMOSO X KG","6198.34","6198.34","21","UN"
"1347","","QUESO CREMOSO LAYNA X KG","6322.31","6322.31","21","UN"
"707","","ALFAJOR MINI X6U X150GR","110.00","110.00","21","UN"
"708","","ALFAJOR X6U X330GR","205.00","205.00","21","UN"
"709","","ALFAJOR CAJA X 24U","2324.00","2324.00","21","UN"
"710","","FILET DE MERLUZA X 400GR","3000.00","3000.00","21","UN"
"711","","FILET MERLUZA C/F HIE X 1KG","6678.00","6678.00","21","UN"
"155","","MEDALLON DE MERLUZA X 5KG","25273.00","25273.00","21","UN"
"154","","FORMITAS DE JAMON Y QUESO X 6 KG","3424.00","3424.00","21","UN"
"1128","","SALCHICHAS LARGAS RANCHO ALTO X 6","2314.04","2314.04","21","UN"
"616","","9 DE ORO PEPAS X 200GR","62.00","62.00","21","UN"
"617","","9 DE ORO PEPAS X 380GR","64.00","64.00","21","UN"
"7612","","BONDIOLA ""LA CASONA""","1064.00","1064.00","21","UN"
"7196","","PEPERONI X METRO ""LA CASONA""","625.00","625.00","21","UN"
"7197","","PEPPRONI AL VACIO ""LA CASONA""","130.00","130.00","21","UN"
"216","","HAMB ""LA CONQUISTA"" X 138 GR X 30","1205.00","1205.00","21","UN"
"219","","HAMB ""LA CONQUISTA"" X 138 GR","42.00","42.00","21","UN"
"60","","MANTECA X 100GR ""VERONICA""","65.00","65.00","21","UN"
"61","","MANTECA X 200GR ""VERONICA""","130.00","130.00","21","UN"
"7537","","SALAME TIPO MILAN ""LA RESIDENCIA""","457.00","457.00","21","UN"
"93","","RICOTA ""LAYNA"" X KG","157.00","157.00","21","UN"
"1495","","QUESO SARDO TREMBLAY X KG","7645.00","7645.00","21","UN"
"704","","MILANESA DE MERLUZA X 500GR","3744.00","3744.00","21","UN"
"353","","BROCOLI X 700 gr","227.00","227.00","21","UN"
"358","","PRIMAVERA X 2.5 kg","0.00","0.00","21","UN"
"172","","MEDALLON M. C/ ESP Y Q","2864.00","2864.00","21","UN"
"1075","","QUESO POR SALUT ""PORCIONADO"" X 400GR","308.00","308.00","21","UN"
"572","","SEI TU FAN NARANJA X 24","13400.00","13400.00","21","UN"
"7697","","JAMON NATURAL (CASONA)","632.00","632.00","21","UN"
"311","","COPA SEI TU X 12 AMER C/ COOK. X 120CM","18100.01","18100.01","21","UN"
"435","","POTE 3/4 LTR PREMIUM AMER C/ COOK.","4950.00","4950.00","21","UN"
"1081","","QUEO BARRA X 200 GR FETEADO","0.00","0.00","21","UN"
"1154","","PALETA DE CERDO FET.","127.00","127.00","21","UN"
"23","","SU BATIDO X 100","3653.00","3653.00","21","UN"
"443","","TAPAS DE POTES 750 CC X 600","4496.00","4496.00","21","UN"
"91","","POTE X 750 CC X 600un","9182.00","9182.00","21","UN"
"62","","MAYONESA ""BENIDORM"" X 250 CC","84.00","84.00","21","UN"
"63","","MOSTAZA ""BENIDORM"" X 250 CC","78.00","78.00","21","UN"
"64","","KETCHUP ""BENIDORM"" X 250 CC","97.00","97.00","21","UN"
"65","","MOSTAZA ""BENIDORM""X 500 CC","111.00","111.00","21","UN"
"67","","PARMESANO  ""BENIDORM"" X 500 CC","180.00","180.00","21","UN"
"68","","AJÍ PICANTE ""BENIDORM"" X 500CC","169.00","169.00","21","UN"
"71","","BARBACOA ""BENIDORM""X 500 CC","162.00","162.00","21","UN"
"72","","ROQUEFORT ""BENIDORM""X 500 CC","192.00","192.00","21","UN"
"73","","MAYONESA ""BENIDORM"" X 2900 CC","554.00","554.00","21","UN"
"74","","MOSTAZA ""BENIDORM"" X 2900 CC","458.00","458.00","21","UN"
"75","","KETCHUP ""BENIDORM"" X 2900 CC","821.00","821.00","21","UN"
"79","","SALSA GOLF ""BENIDORM"" X 2900 CC","439.00","439.00","21","UN"
"84","","MAYONESA  ""BENIDORM"" X 500 CC","115.00","115.00","21","UN"
"85","","SALSA CHEDDAR ""BENIDORM"" X 500 CC","256.00","256.00","21","UN"
"96","","FRUTOS ROJOS X 2.5KG","2149.00","2149.00","21","UN"
"230","","CUCURUCHO CON FUNDA X CAJA","6198.00","6198.00","21","UN"
"232","","CUCURUCHO CON FUNDA X 3 U","48.00","48.00","21","UN"
"233","","POTE TÉRMICO IMPRESO X 1 KG","35.00","35.00","21","UN"
"87","","KETCHUP ""BENIDORM"" X 500CC","144.00","144.00","21","UN"
"550","","MAYONESA ""BENIDORM"" X 200","560.00","560.00","21","UN"
"698","","MOSTAZA ""BENIDORM"" X 200","535.00","535.00","21","UN"
"566","","KETCHUP ""BENIDORM"" X 200","740.00","740.00","21","UN"
"780","","PAPAS PREFRITAS ""ADORADAS"" X 2KG","6167.00","6167.00","21","UN"
"220","","HAMB DE POLLO X 2 UNIDADES","111.00","111.00","21","UN"
"555","","SALSA GOLF ""BENIDORM"" X 200 U","602.00","602.00","21","UN"
"3795","","SALCHICHA DE CERDO ""PIAMONTESA"" POUCH X 1 U","272.00","272.00","21","UN"
"3796","","MORCILLA DE CERDO ""PIAMONTESA"" POUCH X 4 U","181.00","181.00","21","UN"
"3799","","CHORIZO DE CERDO ""PIAMONTESA"" POUCH X 4 U","233.00","233.00","21","UN"
"88","","SALSA GOLF ""BENIDORM"" X 500 CC","127.00","127.00","21","UN"
"1129","","SALCHICHAS ""LA BLANCA""","0.00","0.00","21","UN"
"17","","ALFAJOR SEI CHOC X 16","16363.60","16363.60","21","UN"
"18","","COPA FANTOCHE X 12","1262.80","1262.80","21","UN"
"235","","POTE SEI TU EMOJI","0.00","0.00","21","UN"
"300","","QUESO CUARTIROLO X KG","648.00","648.00","21","UN"
"1634","","PAPAS LAMBWESTON X 2.5KG 9mm","7934.00","7934.00","21","UN"
"1141","","PATA DE CERDO PIAMONTESA X KG","775.00","775.00","21","UN"
"208","","MINI TORTA HELADA COOKIES X 8 U","8700.00","8700.00","21","UN"
"633","","SALSA X 15 G  CHOCOLATE","30.00","30.00","21","UN"
"634","","SALSA X 15 G  FRUTILLA","30.00","30.00","21","UN"
"635","","SALSA X 15 G DULCE DE LECHE","30.00","30.00","21","UN"
"440","","SEI TU POTE 3/4 CREMA CHANTILLY","4950.00","4950.00","21","UN"
"153","","FORM. MINISAURIO  X 5KG","8595.00","8595.00","21","UN"
"406","","BOMBONCITO FRUTI FROZEN X 150GR","5600.00","5600.00","21","UN"
"460","","LATA X 10 DULCE DE LECHE C/ OREO","42100.00","42100.00","21","UN"
"461","","LATA X 10 CHOCOLATE SHOT","42100.00","42100.00","21","UN"
"463","","LATA X 10 FRUTILLA CADBURY","42100.00","42100.00","21","UN"
"464","","LATA X 10 CHOCO MILKA MOUSE","42100.00","42100.00","21","UN"
"8","","DONNAS SURTIDAS X 12","669.00","669.00","21","UN"
"1030","","QUESO DE CERDO X KG","664.00","664.00","21","UN"
"381","","CARITA ""ARGENTINA"" X 20","14400.00","14400.00","21","UN"
"303","","SALSA LHERITIER X 500GR","3719.00","3719.00","21","UN"
"1320","","ACEITE CAÑUELAS X 5 LT","3496.00","3496.00","21","UN"
"4","","AMOROSO X 3 LT DLL-FLLA-AMER","4664.00","4664.00","21","UN"
"712","","MILA DE MERLUZA X 1KG","6335.00","6335.00","21","UN"
"713","","FORMITAS POLLO C/ JYQ X 2KG","12298.00","12298.00","21","UN"
"714","","BASTON DE MOZZARELLA X 2KG","12777.00","12777.00","21","UN"
"715","","MED. POLLO X 300GR","1822.00","1822.00","21","UN"
"716","","NUGGET POLLO X 300GR","2174.00","2174.00","21","UN"
"717","","MED. POLLO C/ ESP. X 500","3736.00","3736.00","21","UN"
"718","","BASTON DE MOZZ. X 300GR","4008.26","4008.26","21","UN"
"719","","BOCADITO ESP Y Q. X 300GR","1983.47","1983.47","21","UN"
"393","","BOMBONCITO PISTACHO","5600.00","5600.00","21","UN"
"8657","","HAMBURGUESAS 40 X 125GR","47603.00","47603.00","21","UN"
"4309","","HAMBURGUESAS FRIAR 2X80GR","1653.00","1653.00","21","UN"
"310","","HAMBURGUESAS FRIAR 2x69gr","1430.00","1430.00","21","UN"
"434","","SEI TU POTE 1/4 CHOCOLATE DUBAI","3636.60","3636.60","21","UN"
"9999","","HIELO CHICO","2479.33","2479.33","21","UN"
"225","","SEI TU X 2 LT PISTACHO","8925.61","8925.61","21","UN"
"226","","PALITO SEIBOM DUBAI X 14","27272.72","27272.72","21","UN"
"227","","PAPA SEITU X 380gr","2190.08","2190.08","21","UN"
"124520","","VENTA","1.00","1.00","0","UN"
"123456","","HIELO GRANDE","4958.67","4958.67","21","UN"
"1427","","PAPA ONE FRY X 2.5KG","8677.68","8677.68","21","UN"
"1022","","ALFAJOR SEI BOM BLACK X 18u","12644.62","12644.62","21","UN"
"1021","","MANTECA CRUCELAT X 100","1181.81","1181.81","21","UN"
